paper,case.study,old.case.study,new.case.study,efres.division.code,efres.group.code,efres.division,efres.group,efres.class,variable,sign,country,country2,continent,experiment.type,system.type,exper.system,experiment.design,other.fb,taxa,genera,order,origin,size.area,tank.size,water.volume,water.depth,sediment.depth,chlorophyll,nitrogen,phosphorous,carbon,o2,temperature,pH,soft.tissue,dry.weight,weight.g.m2,total.weight,number.fb,density.fb.volume,density.fb.area,length,test,significant,N_effect,X_effect,S_effect,SE_effect,N_ctr,X_ctr,S_ctr,SE_ctr,mul.out,yi,vi
P2522,P2522.10,na,P2522.1,2,2.1,human.inputs,human.inputs,mediation.wastes,Cd.concentration.FB,1,SouthAfrica,SouthAfrica,Africa,Field,River,RiverField,Independent,N,Corbicula.africana,Corbicula,Venerida,native,na,na,na,na,na,na,na,na,na,na,na,na,na,na,na,na,na,na,na,2.8,na,na,500,0.216,0.0268,0.006,75,0.36,0.052,0.03,2522.1,0.485181985,0.129566453
P4262,P4262.4,P4262.4.1,P4262.4,1,1.1,organisms,macrofauna.habitat,,Gut.Fullness.Index.(bighead.carp),1,China,China,Asia,Meso,Lake,LakeMeso,Independent,N,Corbicula.fluminea,Corbicula,Venerida,native,na,na,0.1,na,na,na,na,na,na,na,25,na,na,na,260,5.3,30,0.3,60,na,t.test,Y,4,0.13,0,0,3,149.52,52.08,30.07,na,3.819327833,1.45561325
P1715,P1715.1,P1715.1.1,P1715.1,1,1.1,organisms,macrofauna.habitat,,Vallisneria.natans.concentration.system,1,China,China,Asia,Meso,Lake,LakeMeso,Repeated,N,Corbicula.fluminea,Corbicula,Venerida,native,na,na,70,na,0.1,0.03,2.26,0.07,na,na,22.1,na,na,na,580,na,32,0.45,na,na,anova,Y,4,4,0.39,0.19,4,2.37,0.18,0.09,na,4.666664471,1.739181664
P4262,P4262.3,P4262.3.1,P4262.3,1,1.2,organisms,zooplankton,,Zoobento.concentration.system,-1,China,China,Asia,Meso,Lake,LakeMeso,Independent,N,Corbicula.fluminea,Corbicula,Venerida,native,na,na,0.5,na,0.1,0.46,0.13,0.01,na,na,19.6,na,na,na,260,5.3,30,0.06,60,na,anova,Y,4,2.6,1.19,0.6,3,386.76,63.78,36.82,na,-8.017715737,5.005363289
P1714,P1714.2,P1714.2.1,P1714.2,1,1.2,organisms,zooplankton,,Zoobento.concentration.system,-1,China,China,Asia,Meso,Lake,LakeMeso,Repeated,N,Corbicula.fluminea,Corbicula,Venerida,native,na,na,500,0.95,0.1,na,na,0.08,na,na,na,na,na,na,na,2.5,160,0.32,320,3.1,na,na,4,1.41,0.24,0.2,4,1.34,0.3,0.15,na,0.224063966,0.381209625
P3988,P3988.3,P3988.3.1,P3988.3,1,1.2,organisms,zooplankton,,Zooplankton.concentration.system,-1,China,China,Asia,Meso,PlasticTank,PlasticTankMeso,Independent,N,Corbicula.fluminea,Corbicula,Venerida,native,na,0.25,155,na,0.1,0.01,0.59,0.06,na,na,na,na,na,na,na,6.9,5,0.03,167,na,t.test,Y,8,144.36,139.5,11.61,8,2.47,1.46,0.73,3988.3,1.292673962,0.301631277
P1715,P1715.3,P1715.3.2,P1715.3,1,1.3,organisms,algae,,Algae.concentration.system,-1,China,China,Asia,Meso,Lake,LakeMeso,Repeated,N,Corbicula.fluminea,Corbicula,Venerida,native,na,na,70,na,0.1,0.034477,2.263,0.068,na,na,22.1,na,na,na,145,na,8,na,na,na,anova,Y,8,0.483,0.063,0.0315,8,0.344,0.038,0.019,1715.3,-3.681099198,0.818306853
P5123,P5123.3,P5123.3.1,P5123.1,1,1.3,organisms,algae,,Chl.concentration.system,-1,China,China,Asia,Meso,Lake,LakeMeso,Independent,N,Sinanodonta.woodiana,Sinanodonta,Unionida,native,na,na,60,na,na,na,na,na,na,na,34.15,na,na,na,na,54.6,1,1,na,7.8,anova,Y,8,31.14,1.78,0.89,66,38,2,0.8165,5123.1,-14.37554979,2.610356572
P2341,P2341.1,P2341.1.1,P2341.1,1,1.3,organisms,algae,,Chl.concentration.system,-1,RepublicofKorea,RepublicofKorea,Asia,Meso,Lake,LakeMeso,Repeated,N,Several,Several,Unionida,native,na,na,100000,1.5,na,0.2576,na,0.09,na,na,na,na,na,na,na,na,500,na,10,na,na,na,10,242,5.61,2.5089,10,61.8,8.6,3.846,2341.1,-12.15000332,6.936590138
P4262,P4262.2,P4262.2.1,P4262.2,1,1.3,organisms,algae,,Chl.concentration.system,-1,China,China,Asia,Meso,Lake,LakeMeso,Independent,N,Corbicula.fluminea,Corbicula,Venerida,native,na,na,0.5,na,0.1,0.46074,0.13,0.005,na,na,19.6,na,na,na,260,5.3,30,0.06,60,na,anova,Y,8,133.33,30.3,15.15,18,5.97,0.87,0.2246,4262.2,-7.169191023,1.479397429
P2049,P2049.1,P2049.1.1,P2049.1,1,1.3,organisms,algae,,Chl.concentration.system,-1,RepublicofKorea,RepublicofKorea,Asia,Meso,Lake,LakeMeso,Independent,N,Corbicula.leana,Corbicula,Venerida,native,56000,4,6000,2,0.3,0.0772,0.0772,0.0666,na,na,na,na,na,na,na,na,100,0.1667,25,na,na,na,78,31.41,1.54,0.2466,78,45.01,2.32,0.3715,2049.1,-7.132832955,0.939912373
P4389,P4389.2,P4389.2.1,P4389.2,1,1.3,organisms,algae,,Chl.concentration.system,-1,China,China,Asia,Meso,Lake,LakeMeso,Independent,N,Corbicula.fluminea,Corbicula,Venerida,native,na,na,12960,na,na,0.053145,na,0.1895,na,na,19.5,7.85,na,na,4000,na,na,na,na,na,na,na,13,17.57,11.4,3.1618,1,34,0,0,na,1.349234789,1.008846699
P2688,P2688.1,P2688.1.1,P2688.1,1,1.3,organisms,algae,,Chl.concentration.system,-1,China,China,Asia,Meso,Lake,LakeMeso,Repeated,N,Sinanodonta.woodiana,Sinanodonta,Unionida,native,na,na,0.1,0.45,0.1,0.00664,1.95,0.06,na,na,na,na,na,na,na,98.17,5,1,na,na,anova,Y,4,17.297,2.388,1.194,4,36.9,4.274,2.137,na,4.923898851,1.893370577
P1714,P1714.3,P1714.3.1,P1714.3,1,1.3,organisms,algae,,Chl.concentration.system,-1,China,China,Asia,Meso,Lake,LakeMeso,Repeated,N,Corbicula.fluminea,Corbicula,Venerida,native,na,na,500,0.95,0.1,na,na,0.08,na,na,na,na,na,na,na,2.5,160,0.32,320,3.1,na,na,4,3.9,1.3,0.65,4,33.8,1.2,0.6,na,20.78337994,27.37487695
P5208,P5208.2,na,P5208.1,1,1.3,organisms,algae,,Chl.concentration.system,-1,China,China,Asia,Meso,Lake,LakeMeso,Independent,N,Sinanodonta.woodiana,Sinanodonta,Unionida,native,na,0.16,90,0.6,0.15,na,na,na,na,na,na,na,na,14,121.8,na,2,0.02,8.7,na,anova,Y,6,0.0042,0.0031,0.0018,6,0.0719,0.0205,0.0119,5208.1,30.13141264,69.71912659
P1855,P1855.5,na,P1855.1,1,1.3,organisms,algae,,Chl.concentration.system,-1,China,China,Asia,Meso,Lake,LakeMeso,Repeated,N,Sinohyriopsis.cumingii,Sinohyriopsis,Unionida,native,na,na,140,0.75,na,0.1,na,na,na,na,na,na,na,na,na,11,10,0.07,25,5.4,anova,Y,30,3.41,0,0,20,28.85,5.69,4.02,1855.1,0.720731878,0.345736751
P4262,P4262.2,P4262.2.2,P4262.2,1,1.3,organisms,algae,,Phytoplankton.concentration.system,-1,China,China,Asia,Meso,Lake,LakeMeso,Independent,N,Corbicula.fluminea,Corbicula,Venerida,native,na,na,0.5,na,0.1,0.46074,0.13,0.005,na,na,19.6,na,na,na,260,5.3,30,0.06,60,na,anova,Y,4,0.018,0.004,0.002,15,7.93,1.4244,0.3678,na,-5.846817804,1.188555933
P2051,P2051.1,P2051.1.1,P2051.1,1,1.3,organisms,algae,,Algae.filtration.rate.system,1,RepublicofKorea,RepublicofKorea,Asia,Meso,Lake,LakeMeso,Repeated,N,Corbicula.leana,Corbicula,Venerida,native,na,na,10,na,na,0.0029,1.3,0.0069,na,na,13.2,7.5,na,na,na,na,10,1,na,2.25,na,na,20,111,0,0,20,326.7,38.1838,27,2051.1,-2.435731223,3.003785355
P5349,P5349.1,P5349.1,P5349.1,1,1.3,organisms,algae,,Algae.removal.rate.system,1,China,China,Asia,Meso,Lake,LakeMeso,Repeated,N,Corbicula.fluminea,Corbicula,Venerida,native,na,na,20,na,na,na,na,na,na,na,22.5,na,na,na,na,na,na,na,na,na,anova,Y,9,2.5,0.03,0.01,3,6.6278,6.6538,3.8416,na,-1.280424996,0.447010232
P5130,P5130.1,P5130.1.1,P5130.1,1,1.3,organisms,algae,,Chl.concentration.system,-1,China,China,Asia,Lab,na,Lab,Independent,N,Limnoperna.fortunei,Limnoperna,Mytilida,native,na,na,10,0.3,na,0.0023,na,na,na,8.7672,23.9,8.07,na,na,na,0.4,7,3.8,na,15,t.test,Y,3,1.07,0.7448,0.43,4,0.0119,0.0013,0.0007,na,-1.891570098,0.669239846
P2333,P2333.1,P2333.1,P2333.1,1,1.3,organisms,algae,,Chl.concentration.system,-1,RepublicofKorea,RepublicofKorea,Asia,Lab,na,Lab,Repeated,N,Sinanodonta.sp.,Sinanodonta,Unionida,native,na,na,150,na,na,na,na,na,na,na,2.65,na,na,na,na,na,100,0.667,na,6.78,anova,Y,9,3.33,1.26,0.42,9,19.41,9.66,3.22,na,2.223163046,0.338852493
P2154,P2154.2,P2154.2.2,P2154.2,1,1.3,organisms,algae,,Chlorophyll.concentration.system,-1,China,China,Asia,Lab,na,Lab,Independent,N,Corbicula.fluminea,Corbicula,Venerida,native,na,na,7.7,na,0.15,0.075,2.6,0.11,na,na,18.7,na,na,na,na,na,4,0.57,206,na,anova,Y,4,4.7,1.47,0.735,4,3.69,0.14,0.07,na,-0.841124892,0.422290026
P3679,P3679.1,na,P3679.1,1,1.3,organisms,algae,,Mycrocists.concentration.system,-1,Japan,Japan,Asia,Lab,na,Lab,Repeated,N,Corbicula.leana,Corbicula,Venerida,native,na,na,2,na,0.02,na,na,na,na,na,22,na,na,na,na,5.22,30,15,na,2.46,na,na,4,121.1,6.2,3.1,4,400,34,17,na,9.92392566,6.533340616
P4929,P4929.2,na,P4929.1,1,1.3,organisms,algae,,Phytoplankton.diversity.system,-1,China,China,Asia,Lab,na,Lab,Repeated,N,Sinohyriopsis.cumingii,Sinohyriopsis,Unionida,native,na,na,1000,1,0.15,0.27249,na,0.00044,na,na,10.7,na,70,na,na,na,3,3,3,7.5,anova,Y,4,2,0.03,0.0212,4,0.24,0.03,0.0212,4929.1,-1.615386538,96.79244041
P2700,P2700.3,P2700.3.10,P2700.3,1,1.3,organisms,algae,,Primary.productivity.system,-1,China,China,Asia,Lab,na,Lab,Independent,N,Sinohyriopsis.cumingii,Sinohyriopsis,Unionida,native,na,2.46,4000,na,na,0.03,na,1.75,na,6.55,29,6.85,na,na,na,63.58,10,0,2.5,na,anova,N,6,2.4,0.8,0.4619,6,3.2,1.7,0.9815,2700.3,-0.434895677,0.276630045
P2736,P2736.1,na,P2736.1,1,1.3,organisms,algae,,Algae.filtration.rate.system,1,China,China,Asia,Lab,na,Lab,Independent,N,Sinanodonta.woodiana,Sinanodonta,Unionida,native,na,0.5,na,na,na,na,na,na,na,na,25,na,na,na,na,na,1,0.13,20,13,na,na,3,341.86,74.7207,43.14,3,471.27,228.3882,131.86,na,-0.6092816,0.457602006
P5329,P5329.1,P5329.1.3,P5329.1,1,1.3,organisms,algae,,Carotenoids.removal.rate.system,1,Malaysia,Malaysia,Asia,Lab,na,Lab,Independent,N,Sinanodonta.woodiana,Sinanodonta,Unionida,non.native,na,3.6,3.5,na,0,0.016,na,0.036,na,na,25,na,60,na,na,na,1.88,0.1,13,10.3,welch,Y,40,26.01,17.52,3.9176,6,34.979,7.142,4.1234,5329.1,0.101582674,0.227869136
P5278,P5278.1,P5278.1.1,P5278.1,1,1.3,organisms,algae,,Chl.concentration.removal.system,1,China,China,Asia,Lab,na,Lab,Repeated,N,Limnoperna.fortunei,Limnoperna,Mytilida,native,na,na,220,na,na,4.428,0.600016917,0.01617456,na,na,22,na,na,na,na,na,200,0.9,2222,1.6,u.test,Y,3,298.5,82.6188,47.7,3,0.08,0.02,0.0115,na,4.086523638,1.818306287
P5329,P5329.2,P5329.2.2,P5329.2,1,1.3,organisms,algae,,Chlorophyll.removal.rate.system,1,Malaysia,Malaysia,Asia,Lab,na,Lab,Independent,N,Several,Several,Unionida,native,na,na,3.6,na,0,0.0016,na,0.046,na,na,25,na,34,na,na,na,3.34,0.19,23,5.2,welch,Y,60,1.1763,1.72,0.314,9,3034.82,216.5064,125,5329.2,-31.55727351,12.38060098
P5216,P1595.4,P1595.4.1,P1595.1,1,1.3,organisms,algae,,Chl.concentration.system,-1,China,China,Asia,Meso,na,Meso,Independent,N,Sinohyriopsis.cumingii,Sinohyriopsis,Unionida,native,na,na,100,na,na,na,na,na,na,na,na,na,na,na,na,74.4,3,0.03,na,8.2,anova,Y,12,5.31,2.45,1.4145,12,9.97,2.72,1.5704,1595.1,1.718353852,0.300565788
P3988,P3988.1,P3988.1.1,P3988.1,1,1.3,organisms,algae,,Chl.concentration.system,-1,China,China,Asia,Meso,PlasticTank,PlasticTankMeso,Independent,N,Corbicula.fluminea,Corbicula,Venerida,native,na,0.25,155,na,0.1,0.01,0.59,0.06,na,na,na,na,na,na,207,6.9,5,0.03,167,na,t.test,N,12,4.898,2.29,1.145,9,7.8,0.2,0.1,3988.1,0.90603539,0.280047785
P5272,P5272.5,P5272.5.3,P5272.1,1,1.4,organisms,bacteria,,Microorganism.reproduction.rate.system,-1,China,China,Asia,Meso,Lake,LakeMeso,Independent,N,Corbicula.fluminea,Corbicula,Venerida,native,na,na,1.62,0.05,0.12,na,na,na,na,na,15,na,na,na,105,na,na,na,1608,2,anova,Y,9,0.145,0.009,0.0052,9,85,35,20.2073,5272.1,2.400836774,0.455273987
P2098,P2098.1,P2098.1,P2098.1,1,1.4,organisms,bacteria,,Human.pathogene.density.system,-1,Japan,Japan,Asia,Field,River,RiverField,Independent,Y,Sinohyriopsis.schlegelii,Sinohyriopsis,Unionida,native,na,na,na,na,na,na,na,na,na,na,20,na,na,na,na,60,3,0.13,na,na,na,na,26,1.9,2.02,0.5831,26,4.79,0.84,0.2425,2098.1,1.909232906,0.134447733
P3341,P3341.2,P3341.2.2,P3341.2,2,2.1,human.inputs,human.inputs,mediation.wastes,Ammonia.concentration.system,-1,India,India,Asia,Meso,ArtifMesoc,ArtifMesocMeso,Independent,N,Lamellidens.marginalis,Lamellidens,Unionida,native,na,na,20000,1,na,na,na,na,na,na,30.35,7.94,na,na,75,50.5,30,0,1.5,5.2,duncan,Y,6,0.87,0.5543,0.32,6,2567.7,147.2243,85,3341.2,17.82535919,16.92979263
P1522,P1522.1,P1522.1.1,P1522.1,2,2.1,human.inputs,human.inputs,mediation.wastes,Cd.concentration.FB,1,Iran,Iran,Asia,Field,Lake,LakeField,Independent,N,Anodonta.cygnea,Anodonta,Unionida,native,na,na,na,na,na,na,na,na,na,na,na,na,na,na,na,na,56,na,na,na,na,na,112,3.48,0.27,0.0361,16,1.05,0.22,0.0778,1522.1,7.446334762,0.366820386
P2688,P2688.2,P2688.2.2,P2688.1,2,2.1,human.inputs,human.inputs,mediation.wastes,Pollutant.concentration.system,-1,China,China,Asia,Meso,Lake,LakeMeso,Independent,N,Sinanodonta.woodiana,Sinanodonta,Unionida,native,na,na,0.1,0.45,0.1,0.01,1.95,0.06,na,na,na,na,na,na,na,98.17,5,1,na,na,anova,Y,4,0.035,0.005,0.0025,4,0.019,0.004,0.002,na,-3.072877247,0.968232745
P1580,P1580.4,P1580.4.1,P1580.7,2,2.1,human.inputs,human.inputs,mediation.wastes,Cd.concentration.system,-1,China,China,Asia,Lab,na,Lab,Repeated,N,Corbicula.fluminea,Corbicula,Venerida,native,na,0.6,240,0.1,0.1,na,na,na,na,na,na,8.1,na,na,na,na,450,1.87,750,2,na,na,72,0.49,0.07,0.0404,72,0.029,0.014,0.0081,1580.7,-9.018958882,3.018767915
P3784,P3784.1,na,P3784.1,2,2.1,human.inputs,human.inputs,mediation.wastes,Insective.concentration.system,-1,China,China,Asia,Lab,na,Lab,Repeated,N,Sinanodonta.woodiana,Sinanodonta,Unionida,native,na,na,20,na,na,na,na,na,na,na,na,na,na,na,na,10,10,0.5,na,na,na,na,10,20.6,5.0596,1.6,10,0,0,0,na,-5.514632783,0.943735032
P5136,P5136.1,P5136.1.2,P5136.1,2,2.1,human.inputs,human.inputs,mediation.wastes,Zn.ratio.system,-1,China,China,Asia,Lab,na,Lab,Repeated,N,Corbicula.fluminea,Corbicula,Venerida,native,na,na,6,0.06,0.1,na,na,na,na,na,na,na,na,na,na,na,20,2.5,636,1.25,t.test,Y,2,0.72,0.5091,0.36,4,0.0725,0.0052,0.0026,na,-2.034645281,0.824981785
P1580,P1580.1,P1580.1.10,P1580.1,2,2.1,human.inputs,human.inputs,mediation.wastes,Heavy.metal.concentration.FB,1,China,China,Asia,Lab,na,Lab,Repeated,N,Corbicula.fluminea,Corbicula,Venerida,native,na,0.6,240,0.1,0.1,na,na,na,na,na,na,8.1,na,na,na,na,450,1.87,750,2,dunnett,Y,9,5.36,0.24,0.1386,9,8.86,1.24,0.7159,1580.1,-1.999324126,0.413955741
P1580,P1580.3,P1580.3.18,P1580.4,2,2.1,human.inputs,human.inputs,mediation.wastes,Zn.concentration.FB,1,China,China,Asia,Lab,na,Lab,Repeated,N,Corbicula.fluminea,Corbicula,Venerida,native,na,0.6,240,0.1,0.1,na,na,na,na,na,na,8.1,na,na,na,na,450,1.87,750,2,na,na,63,128,13,7.5056,63,126,5,2.8868,1580.4,-1.424889089,0.208188351
P2700,P2700.3,P2700.3.1,P2700.3,2,2.1,human.inputs,human.inputs,mediation.wastes,Ammonia.concentration.system,-1,China,China,Asia,Lab,na,Lab,Independent,N,Sinohyriopsis.cumingii,Sinohyriopsis,Unionida,native,na,2.46,4000,na,na,0.03,na,1.75,na,6.55,29,6.85,na,na,na,63.58,10,0,2.5,na,anova,N,3,1.4,0.6,0.3464,3,0.9,0.2,0.1155,na,-0.894427191,0.493333333
P4949,P4949.1,P4949.1.1,P4949.1,2,2.1,human.inputs,human.inputs,mediation.wastes,P.concentration.system,-1,China,China,Asia,Lab,na,Lab,Independent,N,Corbicula.fluminea,Corbicula,Venerida,native,na,na,1.14,0.05,0.1,na,na,na,na,na,na,na,na,na,na,na,4,3.5,na,na,na,na,8,1.71,0.113,0.0799,6,2.81,0.263,0.186,4949.1,1.014371395,0.148892288
P831,P831.1,P831.1.1,P831.1,2,2.1,human.inputs,human.inputs,mediation.wastes,Ammonia.concentration.system,-1,China,China,Asia,Lab,na,Lab,Independent,N,Corbicula.fluminea,Corbicula,Venerida,native,na,na,2.5,0.25,0.25,na,na,na,na,na,17,8.3,na,na,na,9,na,na,na,na,na,na,30,27.09,13.55,7.8231,30,18,0.5,0.2887,831.1,1.384637835,0.755703215
P1607,P1607.1,P1607.1,P1607.1,2,2.1,human.inputs,human.inputs,mediation.wastes,Cd.concentration.FB,1,India,India,Asia,Lab,na,Lab,Repeated,na,Lamellidens.marginalis,Lamellidens,Unionida,native,na,na,0.5,na,na,na,na,na,na,na,na,na,na,na,na,na,180,2,na,na,na,na,180,62.9657,19.7321,1.4707,1,34.3273,0,0,na,1.445271354,1.002905221
P1560,P1560.1,na,P1560.1,2,2.1,human.inputs,human.inputs,mediation.wastes,Cd.concentration.FB,1,China,China,Asia,Lab,na,Lab,Independent,N,Corbicula.fluminea,Corbicula,Venerida,native,na,na,0.03,na,na,na,na,na,na,5.8,na,na,na,na,na,na,40,na,na,2.2,na,na,24,5.793,3.326,0.6789,24,1.95,0.896,0.1829,na,1.551926835,0.105711789
P1580,P1580.3,P1580.3.19,P1580.3,2,2.1,human.inputs,human.inputs,mediation.wastes,Fe.concentration.system,-1,China,China,Asia,Lab,na,Lab,Repeated,N,Corbicula.fluminea,Corbicula,Venerida,native,na,0.6,240,0.1,0.1,na,na,na,na,na,na,8.1,na,na,na,na,450,1.87,750,2,na,na,9,11.4,0.3,0.1732,9,12.6,0.3,0.1732,1580.3,1.73474062,0.391977353
P5136,P5136.1,P5136.1.1,P5136.2,2,2.1,human.inputs,human.inputs,mediation.wastes,Manganese.ratio.FB,1,China,China,Asia,Lab,na,Lab,Repeated,na,Corbicula.fluminea,Corbicula,Venerida,native,na,na,6,0.06,0.1,na,na,na,na,na,na,na,na,na,na,na,20,2.5,636,1.25,t.test,Y,2,0.58,0.35,0.25,4,0.0119,0.0013,7.00E-04,na,2.596974831,1.042023189
P2685,P2685.1,P2685.1.1,P2685.1,2,2.1,human.inputs,human.inputs,mediation.wastes,Microplastic.concentration.FB,1,China,China,Asia,Lab,na,Lab,Repeated,N,Corbicula.fluminea,Corbicula,Venerida,native,na,na,2,na,na,na,na,na,na,na,20,na,na,na,na,4.1,10,5,na,2.2,kruskal.wallis,Y,12,4.1,0.3,0.1732,12,0,0,0,2685.1,15.17922557,10.74143918
P1340,P1340,P1340.2,P1340.1,2,2.1,human.inputs,human.inputs,mediation.wastes,Pb.concentration.FB,1,China,China,Asia,Lab,na,Lab,Repeated,N,Corbicula.fluminea,Corbicula,Venerida,native,na,0.1,na,0.08,0.08,na,na,na,na,na,na,na,na,na,na,na,20,4.4,na,2,na,na,80,9,0.5,0.1118,42,1.25,0.25,0.0559,1340.1,15.91834086,2.124637482
P5318,P5318.1,P5318.1.2,P5318.1,2,2.1,human.inputs,human.inputs,mediation.wastes,Bioconcentration.factor.FB,1,China,China,Asia,Lab,na,Lab,Repeated,N,Sinohyriopsis.cumingii,Sinohyriopsis,Unionida,native,na,na,10,na,na,na,na,na,34.72,9.75,20.43,7.35,na,na,na,35.57,12,1.2,na,7.08,na,na,6,9.204,0,0,6,0.698,0.236,0.1363,5318.1,17.13367107,38.66960751
P2333,P2333.3,P2333.3.3,P2333.4,2,2.1,human.inputs,human.inputs,mediation.wastes,Hydrocarbon.concentration.FB,1,RepublicofKorea,RepublicofKorea,Asia,Lab,na,Lab,Repeated,N,Sinanodonta.sp.,Sinanodonta,Unionida,native,na,na,150,na,na,na,na,na,na,na,2.65,na,na,na,na,na,100,0.67,na,6.78,anova,Y,9,342.3,19.83,6.61,9,48.4,5.91,1.97,na,19.13038721,10.36744307
P3361,P3361.1.,P3361.1.1,P3361.1.,2,2.1,human.inputs,human.inputs,mediation.wastes,Cu.concentration.FB,1,Thailand,Thailand,Asia,Lab,na,Lab,Repeated,Y,Corbicula.fluminea,Corbicula,Venerida,native,na,na,10,na,na,na,na,na,na,na,29.1,7,na,na,na,na,na,na,na,0.23,anova,Y,660,5,0,0,27,0.47,0.5716,0.33,3361.1,25.23782889,3.11110325
P4986,P4986.2,na,P4986.3,2,2.1,human.inputs,human.inputs,mediation.wastes,Hg.concentration.FB,1,India,India,Asia,Lab,na,Lab,Repeated,N,Lamellidens.corrianus,Lamellidens,Unionida,native,na,na,na,na,na,na,na,na,na,na,24,7.53,na,1.78,na,na,10,na,na,na,t.test,Y,60,4.38,0.46,0.1455,60,0.85,0.11,0.0348,4986.3,76.77679097,63.84792052
P4986,P4986.14,na,P4986.2,2,2.1,human.inputs,human.inputs,mediation.wastes,Hg.concentration.FB,1,India,India,Asia,Lab,na,Lab,Repeated,N,Lamellidens.marginalis,Lamellidens,Unionida,native,na,na,na,na,na,na,na,na,na,na,24,7.53,na,1.98,na,na,10,na,na,na,t.test,Y,60,5.34,0.87,0.2751,60,0.9,0.21,0.0664,4986.2,89.68155728,92.83653463
P4986,P4986.11,na,P4986.1,2,2.1,human.inputs,human.inputs,mediation.wastes,Cu.concentration.FB,1,India,India,Asia,Lab,na,Lab,Repeated,N,Indonaia.caerulea,Indonaia,Unionida,native,na,na,na,na,na,na,na,na,na,na,24,7.61,na,0.78,na,na,10,na,na,na,t.test,Y,60,826.7,4.09,1.2934,60,89,1.75,0.5534,4986.1,137.1587285,203.0413747
P5216,P1595.2,P1595.2.1,P1595.2,2,2.1,human.inputs,human.inputs,mediation.wastes,Pollutant.concentration.system,-1,China,China,Asia,Meso,na,Meso,Independent,N,Sinohyriopsis.cumingii,Sinohyriopsis,Unionida,native,na,na,100,na,na,na,na,na,na,na,na,na,na,na,na,74.4,3,0.03,na,8.2,anova,Y,12,17.31,0.02,0.0115,12,16.6,0.04,0.0231,1595.2,37.20439513,108.4271544
P3988,P3988.2,P3988.2.3,P3988.1,2,2.1,human.inputs,human.inputs,mediation.wastes,Ammonia.concentration.system,-1,China,China,Asia,Meso,PlasticTank,PlasticTankMeso,Independent,N,Corbicula.fluminea,Corbicula,Venerida,native,na,0.25,155,na,0.1,0.01,0.59,0.06,na,na,na,na,na,na,na,6.9,5,0.03,167,na,t.test,Y,24,0.037,0.029,0.0145,25,7.4,0.04,0.02,3988.1,32.86688352,61.5540562
P5272,P5272.6,P5272.6.1,P5272.2,3,3.1,physico.chemical.conditions,sediment.control,sediments,Sediment.content.system,-1,China,China,Asia,Meso,Lake,LakeMeso,Independent,N,Corbicula.fluminea,Corbicula,Venerida,native,na,na,1.62,0.05,0.12,na,na,na,na,na,15,na,na,na,35,na,na,na,536,2,anova,Y,9,39.4,0.1,0.0577,9,85,35,20.2073,5272.2,1.325085627,0.287795975
P1580,P1580.1,P1580.1.7,P1580.2,3,3.1,physico.chemical.conditions,sediment.control,sediments,Sediment.electric.flow.rate.system,1,China,China,Asia,Lab,na,Lab,Repeated,N,Corbicula.fluminea,Corbicula,Venerida,native,na,0.6,240,0.1,0.1,na,na,na,na,na,na,8.1,na,na,na,na,450,1.87,750,2,na,na,9,119.5,3.8,2.1939,9,137.3,2,1.1547,1580.2,-6.792071338,2.221338666
P2154,P2154.3,P2154.3.1,P2154.1,3,3.1,physico.chemical.conditions,sediment.control,sediments,Suspended.sediments.concentration.system,-1,China,China,Asia,Lab,na,Lab,Independent,N,Corbicula.fluminea,Corbicula,Venerida,native,na,na,7.7,na,0.15,0.08,2.6,0.11,na,na,18.7,na,na,na,na,na,4,na,206,na,anova,Y,4,4.34,1.32,0.66,4,16.91,5.62,2.81,na,2.677661212,0.826188682
P2333,P2333.3,P2333.3.2,P2333.5,3,3.1,physico.chemical.conditions,sediment.control,sediments,Suspended.sediments.concentration.system,-1,RepublicofKorea,RepublicofKorea,Asia,Lab,na,Lab,Repeated,N,Sinanodonta.sp.,Sinanodonta,Unionida,native,na,na,150,na,na,na,na,na,na,na,2.65,na,na,na,na,na,100,0.67,na,6.78,anova,Y,9,3.98,1.89,0.63,9,17.1,4.44,1.48,na,3.661970866,0.574062957
P3988,P3988.4,P3988.4.1,P3988.2,3,3.1,physico.chemical.conditions,sediment.control,sediments,Light.intensity.system,1,China,China,Asia,Meso,PlasticTank,PlasticTankMeso,Independent,N,Corbicula.fluminea,Corbicula,Venerida,native,na,0.25,155,na,0.1,0.01,0.59,0.06,na,na,na,na,na,na,na,6.9,5,0.03,167,na,t.test,Y,4,2.02,0.454,0.227,4,2.15,0.6,0.3,na,-0.212474979,0.380893435
P1715,P1715.4,P1715.4.1,P1715.3,3,3.2,physico.chemical.conditions,regulation.chemical,mediation.wastes,Turbidity.level.system,-1,China,China,Asia,Meso,Lake,LakeMeso,Repeated,N,Corbicula.fluminea,Corbicula,Venerida,native,na,na,70,na,0.1,0.03,2.26,0.07,na,na,22.1,na,na,na,145,na,8,0.11,na,na,anova,Y,8,2.778,1.111,0.5555,8,15.111,3.244,1.622,1715.3,4.882908519,1.17328289
P2333,P2333.3,P2333.3.1,P2333.2,3,3.2,physico.chemical.conditions,regulation.chemical,mediation.wastes,Turbidity.level.system,-1,RepublicofKorea,RepublicofKorea,Asia,Lab,na,Lab,Repeated,N,Sinanodonta.sp.,Sinanodonta,Unionida,native,na,na,150,na,na,na,na,na,na,na,2.65,na,na,na,na,na,100,0.67,na,6.78,anova,Y,9,6.34,3.42,1.14,9,15.93,7.86,2.62,na,1.506855311,0.264634688
P2049,P2049.2,P2049.2.1,P2049.1,3,3.2,physico.chemical.conditions,regulation.chemical,sediments,Suspended.sediments.concentration.system,-1,RepublicofKorea,RepublicofKorea,Asia,Meso,Lake,LakeMeso,Independent,N,Corbicula.leana,Corbicula,Venerida,native,56000,4,6000,2,0.3,0.08,0.08,0.07,na,na,na,na,na,na,na,na,100,0.17,25,na,na,na,56,11.76,3.22,0.6085,56,6.92,2.2,0.4158,2049.1,-2.736144491,0.08975504
P5208,P5208.4,na,P5208.1,3,3.2,physico.chemical.conditions,regulation.chemical,sediments,Suspended.sediments.concentration.system,-1,China,China,Asia,Meso,Lake,LakeMeso,Independent,na,Sinanodonta.woodiana,Sinanodonta,Unionida,native,na,0.16,90,0.6,0.15,na,na,na,na,na,na,na,na,14,121.8,na,2,0.02,8.7,na,anova,Y,6,6.09,1.8,1.0392,6,29.06,3.75,2.1651,5208.1,4.304633498,1.369089065
P5123,P5123.2,P5123.2.2,P5123.1,3,3.2,physico.chemical.conditions,regulation.chemical,sediments,Suspended.sediments.concentration.system,-1,China,China,Asia,Meso,Lake,LakeMeso,Independent,N,Sinanodonta.woodiana,Sinanodonta,Unionida,native,na,na,60,na,na,na,na,na,na,na,23.7,na,na,na,na,136.6,1,1,na,11,anova,Y,4,8.16,0.95,0.475,6,32,2,0.8165,na,12.78094367,8.507549741
P5216,P1595.1,P1595.1.1,P1595.1,3,3.2,physico.chemical.conditions,regulation.chemical,sediments,Suspended.sediments.concentration.system,-1,China,China,Asia,Meso,na,Meso,Independent,N,Sinohyriopsis.cumingii,Sinohyriopsis,Unionida,native,na,na,100,na,na,na,na,na,na,na,na,na,na,na,na,74.4,12,0.12,na,8.2,anova,Y,3,30.67,3.79,2.1882,3,50.33,6.08,3.5103,na,3.104564957,1.229860297
P3341,P3341.2,P3341.2.1,P3341.1,3,3.2,physico.chemical.conditions,regulation.chemical,water.conditions,Secchi.depth.system,1,India,India,Asia,Meso,ArtifMesoc,ArtifMesocMeso,Independent,N,Lamellidens.marginalis,Lamellidens,Unionida,native,na,na,20000,1,na,na,na,na,na,na,30.35,7.94,na,na,75,50.5,30,0,1.5,5.2,duncan,N,3,25.8621,7.1671,4.1379,3,1.51,0.0866,0.05,na,3.843848289,1.657930806
P666,P666.2,P666.2.3,P666.2,3,3.2,physico.chemical.conditions,regulation.chemical,water.conditions,P.concentration.FB,1,China,China,Asia,Field,Lake,LakeField,Independent,Y,Corbicula.fluminea,Corbicula,Venerida,native,na,na,na,na,na,0.01,1.04,0.07,na,na,na,na,na,na,na,na,36,na,na,1.86,t.test,Y,63,1.25,0.5,0.1091,28,42,2,0.5,666.2,-9.779732153,1.526857361
P666,P666.2,P666.2.5,P666.1,3,3.2,physico.chemical.conditions,regulation.chemical,water.conditions,C.P.concentration.ratio.system,-1,China,China,Asia,Field,Lake,LakeField,Independent,Y,Corbicula.fluminea,Corbicula,Venerida,native,na,na,na,na,na,0.01,1.04,0.07,na,na,na,na,na,na,na,na,36,na,na,1.86,t.test,Y,63,116,49,10.6927,48,0.8,0.15,0.0375,666.1,-0.757771055,0.078305398
P2342,P2342.1,P2342.1.1,P2342.1,3,3.2,physico.chemical.conditions,regulation.chemical,water.conditions,N.concentration.system,-1,RepublicofKorea,RepublicofKorea,Asia,Meso,Lake,LakeMeso,Repeated,N,Several,Several,Unionida,native,na,na,100000,2,na,0.2,na,0.11,na,na,16,na,na,na,na,na,na,na,5,6.74,t.test,Y,2,1.9,0.42,0.3,2,0.9,0.1414,0.1,na,-1.823529887,0.742188268
P5272,P5272.1,P5272.1.2,P5272.1,3,3.2,physico.chemical.conditions,regulation.chemical,water.conditions,O.uptake.rate.system,-1,China,China,Asia,Meso,Lake,LakeMeso,Independent,N,Corbicula.fluminea,Corbicula,Venerida,native,na,na,1.62,0.05,0.12,na,na,na,na,na,15,na,na,na,70,na,na,na,1072,2,anova,Y,36,1270,330,190.5256,116,8,20,4.5883,5272.1,-1.191868323,0.482637954
P2688,P2688.2,P2688.2.1,P2688.2,3,3.2,physico.chemical.conditions,regulation.chemical,water.conditions,NH4.concentration.system,-1,China,China,Asia,Meso,Lake,LakeMeso,Independent,N,Sinanodonta.woodiana,Sinanodonta,Unionida,native,na,na,0.1,0.45,0.1,0.01,1.95,0.06,na,na,na,na,na,na,na,98.17,5,1,na,na,anova,Y,4,0.504,0.071,0.0355,4,0.389,0.127,0.0635,na,-0.971973823,0.437117653
P4389,P4389.1,P4389.1.1,P4389.1,3,3.2,physico.chemical.conditions,regulation.chemical,water.conditions,N.concentration.system,-1,China,China,Asia,Meso,Lake,LakeMeso,Independent,na,Corbicula.fluminea,Corbicula,Venerida,native,na,na,12960,na,na,0.05,na,0.19,na,na,19.5,7.85,na,na,4000,na,na,na,na,na,na,na,13,2.02,0.72,0.1997,5,2,1,0.4472,na,-0.023831877,0.251193171
P1715,P1715.1,P1715.1.2,P1715.2,3,3.2,physico.chemical.conditions,regulation.chemical,water.conditions,N.concentration.FB,1,China,China,Asia,Meso,Lake,LakeMeso,Repeated,N,Corbicula.fluminea,Corbicula,Venerida,native,na,na,70,na,0.1,0.03,2.26,0.07,na,na,22.1,na,na,na,580,na,32,0.45,na,na,anova,Y,4,3.48,0.43,0.23,4,3.48,0.51,0.25,na,0,0.378071834
P1715,P1715.1,P1715.1.3,P1715.1,3,3.2,physico.chemical.conditions,regulation.chemical,water.conditions,P.concentration.system,-1,China,China,Asia,Meso,Lake,LakeMeso,Repeated,N,Corbicula.fluminea,Corbicula,Venerida,native,na,na,70,na,0.1,0.03,2.26,0.07,na,na,22.1,na,na,na,580,na,32,0.45,na,na,anova,Y,20,0.38,0.06,0.09,20,0.2,0.02,0.01,1715.1,1.932958343,0.479817681
P2341,P2341.2,P2341.2.1,P2341.1,3,3.2,physico.chemical.conditions,regulation.chemical,water.conditions,N.concentration.rate.system,-1,RepublicofKorea,RepublicofKorea,Asia,Meso,Lake,LakeMeso,Independent,N,Several,Several,Unionida,native,na,na,100000,1.5,na,0.26,na,0.09,na,na,na,na,na,na,na,na,500,na,10,na,na,na,10,0.08,0.16,0.0716,10,1.04,0.22,0.0984,2341.1,4.80861911,0.928488306
P1714,P1714.1,P1714.1.1,P1714.1,3,3.2,physico.chemical.conditions,regulation.chemical,water.conditions,N.concentration.system,-1,China,China,Asia,Meso,Lake,LakeMeso,Repeated,N,Corbicula.fluminea,Corbicula,Venerida,native,na,na,500,0.95,0.1,na,na,0.08,na,na,na,na,na,na,na,2.5,160,0.32,320,3.1,na,na,12,0.87,0.06,0.03,12,1.46,0,0,1714.1,6.810980226,2.043734861
P4262,P4262.1,P4262.1.1,P4262.1,3,3.2,physico.chemical.conditions,regulation.chemical,water.conditions,N.concentration.system,-1,China,China,Asia,Meso,Lake,LakeMeso,Independent,N,Corbicula.fluminea,Corbicula,Venerida,native,na,na,0.5,na,0.1,0.46,0.13,0.01,na,na,19.6,na,na,na,260,5.3,30,0.06,60,na,anova,Y,8,1.81,0.37,0.185,6,1267,188.7935,109,4262.1,7.106192764,2.607712616
P4953,P4953.1,P4953.1.1,P4953.1,3,3.2,physico.chemical.conditions,regulation.chemical,water.conditions,N.concentration.FB,1,China,China,Asia,Meso,Lake,LakeMeso,Independent,N,Corbicula.fluminea,Corbicula,Venerida,native,na,na,4.4,0.1,0.12,na,na,na,na,na,na,na,na,na,na,na,4,na,200,na,na,Y,9,1671.7,193.1,111.4863,10,0.08,0.02,0.01,4953.1,13.37024857,7.397804111
P816,P816.1,P816.1.2,P816.1,3,3.2,physico.chemical.conditions,regulation.chemical,water.conditions,Fe.sediment.concentration.system,-1,China,China,Asia,Lab,na,Lab,Independent,N,Corbicula.fluminea,Corbicula,Venerida,native,na,na,na,0.45,na,na,na,na,na,na,25,na,na,na,na,2.86,40,na,905,2,tukey,Y,6,4.66,0.17,0.0981,6,0,0,0,816.1,-22.42036874,28.77288188
P1580,P1580.1,P1580.1.13,P1580.5,3,3.2,physico.chemical.conditions,regulation.chemical,water.conditions,Organic.carbon.sediment.content.system,-1,China,China,Asia,Lab,na,Lab,Repeated,N,Corbicula.fluminea,Corbicula,Venerida,native,na,0.6,240,0.1,0.1,na,na,na,na,na,na,8.1,na,na,na,na,450,1.87,750,2,anova,Y,18,0.39,0,0,18,0.53,0.02,0.0115,1580.5,-17.33060953,22.55317633
P5270,P5270.1,P5270.1.3,P5270.1,3,3.2,physico.chemical.conditions,regulation.chemical,water.conditions,NH4.flux.system,-1,China,China,Asia,Lab,na,Lab,Repeated,N,Corbicula.fluminea,Corbicula,Venerida,native,na,0.01,0.14,na,na,na,na,na,na,na,na,na,na,na,2918,2.86,10,62.5,1052,2,anova,Y,3,340,80,46.188,19,0,0,0,na,-12.92931246,4.156460455
P5273,P5273.1,P5273.1.3,P5273.1,3,3.2,physico.chemical.conditions,regulation.chemical,water.conditions,NH4.sediment.flux.system,-1,China,China,Asia,Lab,na,Lab,Independent,N,Corbicula.fluminea,Corbicula,Venerida,native,na,na,1.62,0.05,0.12,na,na,na,na,na,15,na,na,na,na,2.85,na,na,na,2,anova,Y,12,53.944,15.294,8.83,12,0.08,0.02,0.0115,5273.1,-3.709592424,1.069675959
P2333,P2333.2,P2333.2.6,P2333.2,3,3.2,physico.chemical.conditions,regulation.chemical,water.conditions,P.concentration.system,-1,RepublicofKorea,RepublicofKorea,Asia,Lab,na,Lab,Repeated,N,Sinanodonta.sp.,Sinanodonta,Unionida,native,na,na,150,na,na,na,na,na,na,na,2.65,na,na,na,na,na,100,0.67,na,6.78,anova,Y,36,30.46,9.81,3.27,36,13.72,15.18,5.06,2333.2,-1.894260957,0.172123343
P2333,P2333.2,P2333.2.5,P2333.1,3,3.2,physico.chemical.conditions,regulation.chemical,water.conditions,N.concentration.system,-1,RepublicofKorea,RepublicofKorea,Asia,Lab,na,Lab,Repeated,N,Sinanodonta.sp.,Sinanodonta,Unionida,native,na,na,150,na,na,na,na,na,na,na,2.65,na,na,na,na,na,100,0.67,na,6.78,anova,Y,27,1.63,0.15,0.05,27,1.5,0.24,0.08,2333.1,-1.094439376,0.118970155
P5329,P5329.4,P5329.4.1,P5329.3,3,3.2,physico.chemical.conditions,regulation.chemical,water.conditions,P.removal.rate.system,1,Malaysia,Malaysia,Asia,Lab,na,Lab,Independent,N,Several,Several,Unionida,native,na,na,3.6,na,0,0,na,0.05,na,na,25,na,34,na,na,na,1,0.28,23,5.2,t.test,N,60,10.01,14.28,2.6072,6,2.3608,1.1921,0.6883,5329.3,-0.56837086,0.232759317
P5270,P5270.1,P5270.1.1,P5270.2,3,3.2,physico.chemical.conditions,regulation.chemical,water.conditions,O2.uptake.rate.sediment.system,1,China,China,Asia,Lab,na,Lab,Repeated,N,Corbicula.fluminea,Corbicula,Venerida,native,na,0.01,0.14,na,na,na,na,na,na,na,na,na,na,na,2918,2.86,10,62.5,1052,2,anova,Y,6,750,250,144.3376,38,1685,1164,267.0399,5270.2,-0.425735813,0.22794442
P5329,P5329.4,P5329.4.2,P5329.4,3,3.2,physico.chemical.conditions,regulation.chemical,water.conditions,SRP.excreation.rate.system,-1,Malaysia,Malaysia,Asia,Lab,na,Lab,Independent,N,Several,Several,Unionida,native,na,na,3.6,na,0,0,na,0.05,na,na,25,na,34,na,na,na,1,0.28,23,5.2,t.test,Y,60,3.46,3.32,0.6061,6,1.1929,9.1599,5.2885,5329.4,-0.401685589,0.219882159
P2700,P2700.1,P2700.1.3,P2700.1,3,3.2,physico.chemical.conditions,regulation.chemical,water.conditions,N.uptake.rate.system,1,China,China,Asia,Lab,na,Lab,Independent,na,Sinohyriopsis.cumingii,Sinohyriopsis,Unionida,native,na,2.46,4000,na,na,0.03,na,1.75,na,6.55,29,6.85,na,na,na,63.58,10,0,2.5,na,anova,N,15,31.4,2.7,1.5588,15,29.1,4.6,2.6558,2700.1,0.04070087,0.175961265
P2700,P2700.3,P2700.3.4,P2700.2,3,3.2,physico.chemical.conditions,regulation.chemical,water.conditions,N.concentration.system,-1,China,China,Asia,Lab,na,Lab,Independent,N,Sinohyriopsis.cumingii,Sinohyriopsis,Unionida,native,na,2.46,4000,na,na,0.03,na,1.75,na,6.55,29,6.85,na,na,na,63.58,10,0,2.5,na,anova,N,18,14,2.1,1.2124,18,13.9,1.6,0.9238,2700.2,0.389687366,0.166904221
P4246,P4246.1,P4246.1.4,P4246.1,3,3.2,physico.chemical.conditions,regulation.chemical,water.conditions,Denitrification.rate.system,-1,China,China,Asia,Lab,na,Lab,Repeated,N,Corbicula.fluminea,Corbicula,Venerida,native,na,na,132.54,0.12,0.3,na,na,na,na,na,20,na,na,na,2035,na,na,na,na,na,anova,Y,12,49.2,8.8,5.0807,12,454.2,29.4449,17,4246.1,1.686399796,2.76201196
P1580,P1580.1,P1580.1.4,P1580.6,3,3.2,physico.chemical.conditions,regulation.chemical,water.conditions,Oxidation-reduction.potential.of.sediments.system,1,China,China,Asia,Lab,na,Lab,Repeated,N,Corbicula.fluminea,Corbicula,Venerida,native,na,0.6,240,0.1,0.1,na,na,na,na,na,na,8.1,na,na,na,na,450,1.87,750,2,anova,Y,27,302,12,6.9282,27,101,10,5.7735,1580.6,38.20201254,57.90399257
P816,P816.1,P816.1.3,P816.2,3,3.2,physico.chemical.conditions,regulation.chemical,water.conditions,O2.penetration.depth.system,1,China,China,Asia,Lab,na,Lab,Independent,N,Corbicula.fluminea,Corbicula,Venerida,native,na,na,na,0.45,na,na,na,na,na,na,25,na,na,na,na,2.86,40,na,905,2,na,na,1,1,0,0,3,0.04,0.01,0.0058,na,54.85714286,376.5986395
P5329,P5329.3,P5329.3.1,P5329.1,3,3.2,physico.chemical.conditions,regulation.chemical,water.conditions,P.removal.rate.system,1,Malaysia,Malaysia,Asia,Lab,na,Lab,Independent,N,Sinanodonta.woodiana,Sinanodonta,Unionida,non.native,na,3.6,3.5,na,0,0.02,na,0.04,na,na,25,na,60,na,na,na,1,0.28,13,10.3,t.test,Y,40,34.6,29.87,6.6791,9,5.19,0.6859,0.28,5329.1,0.936708207,0.184939022
P5329,P5329.3,P5329.3.3,P5329.2,3,3.2,physico.chemical.conditions,regulation.chemical,water.conditions,TAN.excretion.rate.system,-1,Malaysia,Malaysia,Asia,Lab,na,Lab,Independent,N,Sinanodonta.woodiana,Sinanodonta,Unionida,non.native,na,3.6,3.5,na,0,0.02,na,0.04,na,na,25,na,60,na,na,na,1,0.28,13,10.3,t.test,Y,40,57.14,18.89,4.2239,9,0,0,0,5329.2,3.570746216,0.830733338
P5283,P5283.3,na,P5283.2,3,3.2,physico.chemical.conditions,regulation.chemical,water.conditions,P.concentration.system,-1,China,China,Asia,Meso,na,Meso,Independent,N,Corbicula.fluminea,Corbicula,Venerida,native,na,na,0.2,na,na,0.02,na,0.14,na,8.36,22.5,7.3,na,na,na,1,1,5,303,na,anova,Y,9,5000,2800,933.3333,9,1000,100,33.3333,na,-1.922874153,0.304268912
P5283,P5283.1,na,P5283.1,3,3.2,physico.chemical.conditions,regulation.chemical,water.conditions,N.concentration.system,-1,China,China,Asia,Meso,na,Meso,Independent,N,Sinanodonta.woodiana,Sinanodonta,Unionida,native,na,0.17,100,na,0.1,0.02,na,0.14,na,8.36,27.4,7.3,na,na,na,128.6,1,0.01,0.2,na,anova,Y,8,1.5,0.2,0.1,8,2.2,0.5,0.25,5283.1,3.4079522,0.786476349
P5216,P1595.3,P1595.3.1,P1595.3,3,3.2,physico.chemical.conditions,regulation.chemical,water.conditions,Organic.carbon.concentration.system,-1,China,China,Asia,Meso,na,Meso,Independent,N,Sinohyriopsis.cumingii,Sinohyriopsis,Unionida,native,na,na,100,na,na,na,na,na,na,na,na,na,na,na,na,74.4,3,0.03,na,8.2,anova,Y,12,4.8,0.13,0.0751,12,10.72,0.03,0.0173,1595.3,50.21103869,94.72490908
P3618,P3618.1,na,P3618.1,1,1.2,organisms,zooplankton,,Zooplankton.density.system,-1,NewZealand,NewZealand,Australasia,Lab,na,Lab,Independent,N,Echyridella.menziesii,Echyridella,Unionida,native,na,na,6,na,na,na,na,na,na,na,18,na,na,na,na,na,3,0.5,46,6,t.test,Y,8,53,3,1.0607,8,47,2,0.7071,na,2.225026697,0.378181818
P3617,P3617.1,P3617.1.1,P3617.1,1,1.3,organisms,algae,,Clearance.rate,1,NewZealand,NewZealand,Australasia,Lab,na,Lab,Repeated,N,Echyridella.menziesii,Echyridella,Unionida,native,na,na,3.9,na,na,na,na,na,na,na,18,na,na,na,na,na,2,0.5,86.6,6.1,t.test,Y,40,196.4,128.5739,57.5,29,88.1,45.6,22.8,3617.1,1.061998811,0.17195177
P880,P880.2,P880.2.1,P880.1,2,2.1,human.inputs,human.inputs,mediation.wastes,Al.concentration.FB,1,NewZealand,NewZealand,Australasia,Meso,Lake,LakeMeso,Independent,N,Echyridella.menziesii,Echyridella,Unionida,native,na,na,95,0.2,0.03,na,na,na,na,8.7,18.5,7.6,na,1.2,na,na,20,na,na,6,tukey,Y,3,127,41,23.6714,3,52,20,11.547,na,1.860073939,0.714989588
P3171,P3171.1,na,P3171.1,2,2.1,human.inputs,human.inputs,mediation.wastes,Zn.concentration.FB,1,Australia,Australia,Australasia,Lab,na,Lab,Repeated,N,Velesunio.amblguus,Velesunio,Unionida,native,na,na,na,na,na,na,na,na,42,9.1,20,6.95,na,1.5,na,na,10,na,na,na,na,na,5,0.1,0.012,0.0054,5,0.038,0.012,0.0054,na,4.666666667,1.415215632
P3171,P3171.2,na,P3171.2,2,2.1,human.inputs,human.inputs,mediation.wastes,Zn.concentration.FB,1,Australia,Australia,Australasia,Field,River,RiverField,Repeated,N,Velesunio.amblguus,Velesunio,Unionida,native,na,na,na,na,na,na,na,na,na,na,na,na,na,1.5,na,na,25,na,na,na,na,na,5,47.09,47,21.019,5,0.038,0.012,0.0054,na,1.278767387,0.408089044
P639,P639.1,na,P639.1,2,2.1,human.inputs,human.inputs,mediation.wastes,Pollutant.concentration.FB,1,NewZealand,NewZealand,Australasia,Field,River,RiverField,Repeated,Y,Echyridella.menziesii,Echyridella,Unionida,native,na,na,na,2,na,na,na,na,na,na,na,na,na,na,na,na,240,na,na,6.3,na,na,30,6000,2000,516.3978,30,180,70,18.0739,639.1,7.963472754,0.846214716
P880,P880.2,P880.2.2,P880.2,3,3.1,physico.chemical.conditions,sediment.control,sediments,Reburial.rate.system,1,NewZealand,NewZealand,Australasia,Meso,Lake,LakeMeso,Independent,N,Sphaerium.novaezelandiae,Sphaerium,Sphaerioida,native,na,na,95,0.2,0.03,na,na,na,na,na,20,7.6,0.03,na,na,na,20,na,na,0.24,tukey,Y,3,38,38,21.9393,3,100,2,1.1547,na,-1.843369483,0.709834254
P904,P904.1,P904.1,P904.1,3,3.2,physico.chemical.conditions,regulation.chemical,water.conditions,O.concentration.rate.system,1,NewZealand,NewZealand,Australasia,Lab,na,Lab,Independent,na,Echyridella.menziesii,Echyridella,Unionida,native,na,30,1,0.03,0.04,na,na,na,na,9.55,14.55,na,na,na,na,na,1,1,127,6.9,na,na,3,0.0231,0.288,0.1663,3,0.1183,0.21,0.1212,na,-0.302179399,0.434276032
P3431,P3431.1,na,P3431.1,1,1.1,organisms,macrofauna.habitat,,Fauna.diversity.system,1,Portugal,Portugal,Euro,Meso,Estuary,EstuaryMeso,Repeated,Y,Corbicula.fluminea,Corbicula,Venerida,non.native,na,0.04,na,na,na,na,na,na,na,8.76,20.56,7.89,na,na,na,na,48,na,1200,2.6,na,na,6,1.35,0.55,0.47,6,1.05,0.35,0.14,na,0.600730499,0.299060216
P3270,P3270.1,P3270.1.9,P3270.2,1,1.1,organisms,macrofauna.habitat,,Dugesia.lugubris.density.system,1,Germany,Germany,Euro,Meso,Lake,LakeMeso,Independent,Y,Dreissena.polymorpha,Dreissena,Myida,non.native,na,0.0121,na,2,na,na,na,na,na,na,na,na,na,na,na,na,101,na,8.388,na,anova,N,27,551,354,118,90,7897,3759,1253,3270.2,1.47564618,0.155054959
P486,P486.2,P486.2.2,P486.2,1,1.1,organisms,macrofauna.habitat,,Density.of.epibiont.fauna.system,1,Hungary,Hungary,Euro,Field,River,RiverField,Independent,Y,Unio.tumidus,Unio,Unionida,native,na,na,na,1.5,na,na,na,na,na,na,na,na,na,na,na,na,60,na,na,7.9,permanova,N,4,313.33,426.95,24.12,25,0,0,0,486.2,-0.639479319,0.407071898
P486,P486.1,P486.1.2,P486.1,1,1.1,organisms,macrofauna.habitat,,Density.of.epibiont.fauna.system,1,Hungary,Hungary,Euro,Field,River,RiverField,Independent,Y,Anodonta.anatina,Anodonta,Unionida,native,na,na,na,1.5,na,na,na,na,na,na,na,na,na,na,na,na,38,na,na,9.1,permanova,N,6,486.67,345.06,15.64,40,0.76,0.07,0.02,486.1,8.732755382,1.433402148
P486,P486.4,P486.4.2,P486.4,1,1.1,organisms,macrofauna.habitat,,Density.of.epibiont.fauna.system,1,Hungary,Hungary,Euro,Field,River,RiverField,Independent,Y,Sinanodonta.woodiana,Sinanodonta,Unionida,non.native,na,na,na,1.5,na,na,na,na,na,na,30,na,na,na,na,na,25,na,na,2.6,permanova,N,6,342.67,195.53,10.56,6,4.3,0.3,0.17,486.4,0.645847998,0.375957664
P486,P486.3,P486.3.2,P486.3,1,1.1,organisms,macrofauna.habitat,,Density.of.epibiont.fauna.system,1,Hungary,Hungary,Euro,Field,River,RiverField,Independent,Y,Corbicula.fluminea,Corbicula,Venerida,non.native,na,na,na,1.5,na,na,na,na,na,na,na,na,na,na,na,na,200,na,na,10.6,permanova,N,6,148.22,122.69,10.08,8,1.2,0.6,0.35,486.3,9.015367032,4.991780601
P3173,P3173.1,na,P3173.1,1,1.1,organisms,macrofauna.habitat,,Fauna.diversity.system,1,UK,UK,Euro,Field,River,RiverField,Independent,N,Dreissena.bugensis,Dreissena,Myida,non.native,na,na,na,0.5,na,na,na,na,na,11,14.5,8.15,na,na,na,na,na,na,na,na,na,na,24,2.06,0.24,0.05,72,2.05,0.34,0.04,na,0.031151178,0.054675276
P2233,P2233.1,na,P2233.1,1,1.1,organisms,macrofauna.habitat,,Rhodeus.amarus.density.system,1,Poland,Poland,Euro,Field,River,RiverField,Repeated,N,Several,Several,Unionida,native,120000,na,na,na,na,na,na,na,na,na,na,na,na,na,na,na,na,na,na,na,na,na,5,0.12,0.02,0.04,5,0.01,0.01,0.01,na,6.283751738,2.300603538
P3918,P3918.5,na,P3918.3,1,1.1,organisms,macrofauna.habitat,,Macroinvertebrate.diversity.system,1,Germany,Germany,Euro,Field,River,RiverField,Independent,Y,Unio.crassus,Unio,Unionida,native,na,na,na,na,na,na,na,na,na,9.75,14.9,7.6,na,na,na,na,1,na,100,na,mann.whitney,N,30,16,7,1.75,30,17,8,2.07,3918.3,-0.064721199,0.078976958
P3270,P3270.1,P3270.1.5,P3270.2,1,1.1,organisms,macrofauna.habitat,,Gammarus.roesli.density.system,-1,Germany,Germany,Euro,Meso,Lake,LakeMeso,Independent,Y,Dreissena.polymorpha,Dreissena,Myida,non.native,na,0.0121,na,2,na,na,na,na,na,na,na,na,na,na,na,na,101,na,8.388,na,anova,Y,36,2158,801,267,162,5330.3443,1445.3483,315.4009,3270.2,3.776193831,0.173706266
P3997,P3997.4,P3997.4.,P3997.4,1,1.2,organisms,zooplankton,,Daphnia.content.system,-1,Portugal,Portugal,Euro,Lab,Lab,Lab,Repeated,N,Corbicula.fluminea,Corbicula,Venerida,non.native,na,na,1.5,na,0,na,na,na,na,9,20,4.49,na,na,na,na,10,6.7,na,2.4,na,na,3,3.08,1.15,0.66,1,0,0,0,na,1.530434783,0.728152978
P5080,P5080.1,na,P5080.1,1,1.2,organisms,zooplankton,,Zooplancton.concentration.system,-1,Poland,Poland,Euro,Lab,Lab,Lab,Independent,N,Dreissena.polymorpha,Dreissena,Myida,non.native,na,na,5,na,na,na,na,0.04,na,9,24,8.3,na,na,350,na,na,na,na,1.3,anova,Y,4,35,5,0.85,4,133,20,10,na,-5.845864815,2.513955299
P1596,P1596.2.,P1596.2.1.,P1596.1,1,1.2,organisms,zooplankton,,Zooplankton.content.system,-1,Germany,Germany,Euro,Lab,Lab,Lab,Independent,N,Dreissena.polymorpha,Dreissena,Myida,non.native,na,0.008,na,na,0,na,na,na,na,na,na,na,na,na,na,na,15,1.3,925,1.5,anova,Y,24,0,26.6579,9.425,24,66.845,26.4034,9.335,1596.1,-1.778022656,0.169340312
P4857,P4857.1,P4857.1.1,P4857.1,1,1.2,organisms,zooplankton,,Zooplankton.growth.rate.system,-1,Germany,Germany,Euro,Lab,Lab,Lab,Independent,N,Corbicula.fluminea,Corbicula,Venerida,non.native,na,0.28,8,na,na,na,na,na,na,na,22.2,na,na,na,na,na,22,2.75,na,0.8,t.test,Y,6,1.3,0.8,0.7,40,3.53,0.29,0.06,4857.1,-8.33687639,1.226188008
P5234,P5234.1,P5234.1.26,P5234.1,1,1.2,organisms,zooplankton,,Asselus.aquaticus.density.system,-1,Lithuania,Lithuania,Euro,Field,Lake,LakeField,Independent,Y,Dreissena.polymorpha,Dreissena,Myida,non.native,na,na,na,2.6,na,na,na,na,na,na,na,na,na,na,na,na,2741,na,na,na,kruskal.wallis,Y,385,171,234,17.89,595,0,0,0,5234.1,0.30399278,0.043255578
P2227,P2227.7,P2227.7.1,P2227.3,1,1.2,organisms,zooplankton,,Cladocera.concentration.system,-1,Poland,Poland,Euro,Meso,Lake,LakeMeso,Repeated,N,Dreissena.polymorpha,Dreissena,Myida,non.native,na,na,270,na,na,0.02,na,0.07,na,9.5,18.7,na,na,na,250,na,200,0.66,332,1.5,anova,Y,15,2,0.71,0.5,15,0.94,0.18,0.1,2227.3,0.852706979,0.224366436
P4898,P4898.5,na,P4898.5,1,1.2,organisms,zooplankton,,Zooplancton.concentration.system,-1,TheNetherlands,TheNetherlands,Euro,Meso,Lake,LakeMeso,Repeated,N,Dreissena.bugensis,Dreissena,Myida,non.native,254.7,0.87,750,0.86,0.2,0.08,na,0.23,na,10,23.6,8.2,na,na,0.06,na,392,na,na,2.26,t.test,Y,4,12.75,2,1,4,1.38,0.5,0.25,na,6.782396219,3.253127988
P1361,P1361.1,P1361.1.1,P1361.1,1,1.2,organisms,zooplankton,,Zooplankton.fecundity.rate.system,-1,Poland,Poland,Euro,Meso,Lake,LakeMeso,Repeated,N,Dreissena.polymorpha,Dreissena,Myida,non.native,na,na,300,na,na,0.02826,1.41,0.06,na,9.33,18.67,na,na,na,250,na,200,0.66,332,1.5,anova,Y,3,3.4,0.12,0.0693,3,0.83,0.21,0.1212,na,-12.02154192,12.46978917
P1595,P1595.1,na,P1595.1,1,1.2,organisms,zooplankton,,Biodeposit.content.system,1,Germany,Germany,Euro,Meso,Lake,LakeMeso,Independent,N,Dreissena.polymorpha,Dreissena,Myida,non.native,na,0,na,2,na,na,na,na,na,na,na,na,na,na,na,na,15,240,6817,1.5,t.test,Y,5,41.33,8.84,1.38,5,21.87,2.47,1.1,na,2.708184435,0.69303989
P4857,P4857.1,P4857.1.3,P4857.2,1,1.3,organisms,algae,,Grazing.rate.algae.system,1,Germany,Germany,Euro,Lab,Lab,Lab,Independent,N,Dreissena.polymorpha,Dreissena,Myida,non.native,na,0.28,10,na,na,na,na,na,na,na,30,na,na,na,na,na,22,2.2,na,0.8,na,na,3,0.45,0.3,0.45,20,11.59,3.42,0.76,na,-3.299347167,0.592768761
P1912,P1912.1,P1912.1.2,P1912.1,1,1.3,organisms,algae,,Chl.concentration.system,-1,UK,UK,Euro,Field,Lake,LakeField,Independent,Y,Dreissena.polymorpha,Dreissena,Myida,non.native,566500,na,na,5.04,na,na,na,na,na,10.5,12.9,7.69,na,na,na,na,550000000,na,na,1.89,na,Y,24,3.5,0.818,0.2361,24,5.95,1.333,0.3848,1912.1,1.476218473,0.130702182
P1932,P1932.1,P1932.1.3,P1932.1,1,1.3,organisms,algae,,Chl.concentration.system,-1,Sweden,Sweden,Euro,Field,Lake,LakeField,Independent,N,Dreissena.polymorpha,Dreissena,Myida,non.native,na,na,na,5.25,na,0.04,na,0.04,na,na,na,na,na,na,na,na,na,na,na,na,t.test,Y,1230,5.7,0.8,0.34,1568,27.07,31.1,11,1932.1,2.100632702,0.029222599
P399,P399.1,P399.1.1,P399.1,1,1.3,organisms,algae,,Phytoplankton.abundance.system,-1,Bulgaria,Bulgaria,Euro,Field,Lake,LakeField,Independent,Y,Dreissena.polymorpha,Dreissena,Myida,non.native,na,na,0.5,na,na,na,na,na,na,na,na,na,na,na,na,na,na,na,na,na,mann.whitney,Y,10,1005015.71,1214229.11,543019.766,8,0.088,0.02,0.01,399.1,1.006604943,0.257441084
P2227,P2227.5,P2227.5.1,P2227.2,1,1.3,organisms,algae,,Chl.concentration.system,-1,Poland,Poland,Euro,Meso,Lake,LakeMeso,Repeated,N,Dreissena.polymorpha,Dreissena,Myida,non.native,na,na,270,na,na,0.0225,na,0.074,na,9.5,18.7,na,na,na,250,na,200,0.66,332,1.5,anova,Y,3,0.283,0.0755,0.0436,3,0.1698,0.0189,0.0109,na,-1.645531249,0.652314424
P4898,P4898.1,na,P4898.1,1,1.3,organisms,algae,,Chl.concentration.system,-1,TheNetherlands,TheNetherlands,Euro,Meso,Lake,LakeMeso,Repeated,Y,Dreissena.bugensis,Dreissena,Myida,non.native,254.7,0.868,750,0.86,0.2,0.081,na,0.23,na,10,23.6,8.2,na,na,0.0559,na,392,na,na,2.26,anova,Y,4,2.4,0.6,0.3,4,81,16,8,na,6.036908203,2.655838125
P1559,P1559.1,P1559.1,P1559.1,1,1.3,organisms,algae,,Algae.filtration.rate.system,1,France,France,Euro,Meso,Lake,LakeMeso,Repeated,N,Dreissena.polymorpha,Dreissena,Myida,non.native,na,na,0.05,na,na,na,1.4,1.9,na,4.07284,22,7.2,na,na,na,na,20,15.8,na,2.9,kruskal.wallis,Y,8,23.4885,5.0793,1.7958,15,97.1001,17.5049,4.5197,na,-4.862839401,0.692131362
P3148,P3148.1,P3148.1.1,P3148.1,1,1.3,organisms,algae,,Phycoflora.density.FB,1,Poland,Poland,Euro,Meso,Lake,LakeMeso,Repeated,N,Unio.tumidus,Unio,Unionida,native,na,4,na,na,na,86.32,na,0.139,5.2,9.25,21.72,8.54,na,na,na,na,20,0.02,5,na,anova,Y,60,131.43,8.57,1.1064,2,5.08,1.3,0.9192,na,14.67822272,2.241279153
P1812,P1812.1,na,P1812.1,1,1.3,organisms,algae,,Algae.biomass.concentration.system,-1,Germany,Germany,Euro,Lab,na,Lab,Independent,N,Corbicula.fluminea,Corbicula,Venerida,non.native,na,na,0.3,na,na,na,3.388299074,0.77,na,na,15,na,na,na,na,na,na,na,na,1.6,anova,Y,48,0.95,0.8,0.3266,32,2.93,0.22,0.11,1812.1,0.093540774,0.158767371
P1812,P1812.13,na,P1812.2,1,1.3,organisms,algae,,Algae.biomass.concentration.system,-1,Germany,Germany,Euro,Lab,na,Lab,Independent,N,Dreissena.polymorpha,Dreissena,Myida,non.native,na,na,0.3,na,na,na,3.388299074,0.77,na,na,15,na,na,na,na,na,na,na,na,1.6,anova,Y,48,0.98,0.65,0.2654,32,2.55,0.33,0.165,1812.2,2.796745037,0.371533729
P1362,P1362.2,na,P1362.2,1,1.3,organisms,algae,,Algae.concentration.system,-1,Poland,Poland,Euro,Lab,na,Lab,Independent,N,Dreissena.polymorpha,Dreissena,Myida,non.native,na,na,300,na,na,na,na,na,na,na,na,na,na,na,25,na,200,0.66,332,1.5,na,na,3,0.008,0.0727,0.042,3,0.11,0.0866,0.05,na,1.020604169,0.513469406
P3997,P3997.3,P3997.2,P3997.2,1,1.3,organisms,algae,,Algae.content.system,-1,Portugal,Portugal,Euro,Lab,na,Lab,Repeated,N,Corbicula.fluminea,Corbicula,Venerida,non.native,na,na,1.5,na,0,na,na,na,na,9,20,4.49,na,na,na,na,10,6.7,na,2.4,na,na,3,9.0033,0.1595,0.0921,1,9.9,0,0,na,3.212539185,1.725425152
P4288,P4288.1,P4288.5,P4288.1,1,1.3,organisms,algae,,Cyanobacteria.concentration.rate.system,-1,Portugal,Portugal,Euro,Lab,na,Lab,Repeated,N,Corbicula.fluminea,Corbicula,Venerida,non.native,na,na,0.1,na,na,0.05,na,na,na,na,20,na,na,0.035,na,na,1,10,510,2.2,t.test,Y,40,248,22.3607,5,7,3.331,2.722,1.361,4288.1,-6.029685828,0.963561665
P1362,P1362.1,na,P1362.1,1,1.3,organisms,algae,,Cyanobacteria.concentration.system,-1,Poland,Poland,Euro,Lab,na,Lab,Independent,N,Dreissena.polymorpha,Dreissena,Myida,non.native,na,na,300,na,na,na,na,na,na,na,na,na,na,na,25,na,200,0.66,332,1.5,na,na,3,0.15,0.1905,0.11,3,0.01,0.0866,0.05,na,-0.756913916,0.47440989
P2842,P2842.1,P2842.2,P2842.1,1,1.3,organisms,algae,,Clearance.rate,1,Germany,Germany,Euro,Lab,na,Lab,Independent,Y,Unio.pictorum,Unio,Unionida,native,na,0.15,3,na,0.05,na,na,na,na,na,16,na,na,na,na,62.3,6,1.5,384,8.6,na,na,66,0.51,0.04,0.0049,3,12.9,8.39,4.844,na,-8.448197593,0.857886438
P4288,P4288.1,P4288.4,P4288.2,1,1.3,organisms,algae,,Cyanobacteria.removal.rate.system,1,Portugal,Portugal,Euro,Lab,na,Lab,Repeated,N,Corbicula.fluminea,Corbicula,Venerida,non.native,na,na,0.1,na,na,0.05,na,na,na,na,20,na,na,0.035,na,na,1,10,510,2.2,t.test,Y,40,223.3,58.1378,13,8,781.81,54.54,27.27,4288.2,-3.072055894,0.776356518
P3902,P3901.2,na,P3901.1,1,1.3,organisms,algae,,Cyanobacteria.removal.rate.system,1,UK,UK,Euro,Lab,na,Lab,Independent,N,Dreissena.polymorpha,Dreissena,Myida,non.native,na,na,0.25,na,na,na,na,0.0009783,na,na,19,na,na,na,na,na,3,12,na,3.5,glmm,Y,12,6,2.45,1,12,27.5,9.798,4,3901.1,-1.454101822,0.274544416
P1416,P1416.2,P1416.2.1,P1416.1,1,1.3,organisms,algae,,Ventilatory.flow.rate,1,France,France,Euro,Lab,na,Lab,Independent,Y,Corbicula.fluminea,Corbicula,Venerida,non.native,na,0.0025,0.0002,na,na,na,na,na,na,na,20,7,0.88,na,na,na,1,5,400,2.8,na,na,50,871,147.5805,66,50,427,169.9412,76,1416.1,0.672781139,0.155596944
P1415,P1415.1,P1415.1.1,P1415.1,1,1.3,organisms,algae,,Ventilatory.flow.rate.system,1,France,France,Euro,Lab,na,Lab,Repeated,Y,Corbicula.fluminea,Corbicula,Venerida,non.native,na,na,0.2,na,na,na,na,na,na,na,20,7,0.9,na,na,na,60,0.44,84,2.8,na,na,10,460,145.3444,65,10,426,64.846,29,1415.1,-0.572716263,0.236160256
P3918,P3918.4,na,P3918.1,1,1.3,organisms,algae,,Diatom.density.system,-1,Germany,Germany,Euro,Field,River,RiverField,Independent,Y,Unio.crassus,Unio,Unionida,native,na,na,na,na,na,na,na,na,na,9.75,14.9,7.6,na,na,na,na,1,na,100,na,t.test,Y,15,22,3,0.7746,15,27,4,1.0328,na,1.375991574,0.157779401
P1266,P1266.1,P1266.1.1,P1266.1,1,1.3,organisms,algae,,Chl.density.system,-1,UK,UK,Euro,Meso,WTP,WTPMeso,Independent,N,Dreissena.polymorpha,Dreissena,Myida,non.native,na,2.72,na,na,na,na,na,na,na,na,na,na,na,na,10000,na,na,na,na,1.55,anova,Y,15,5.1,0.4,0.1033,15,0.55,0.25,0.0645,na,-13.27278818,3.062338622
P2227,P2227.2,P2227.2.1,P2227.1,1,1.4,organisms,bacteria,,Bacteria.concentration.system,-1,Poland,Poland,Euro,Meso,Lake,LakeMeso,Repeated,N,Dreissena.polymorpha,Dreissena,Myida,non.native,na,na,270,na,na,0.0225,na,0.074,na,9.5,18.7,na,na,na,250,na,200,0.66,332,1.5,anova,N,3,0.1965,0.014,0.0081,3,0.1825,0.0421,0.0243,na,-0.357005773,0.43728776
P4278,P4278.1,na,P4278.1,1,1.4,organisms,bacteria,,Bacteria.concentration.system,-1,Italy,Italy,Euro,Meso,Lake,LakeMeso,Independent,N,Sinanodonta.woodiana,Sinanodonta,Unionida,non.native,na,na,1000,na,na,na,na,0.02,na,6.71,21.96,na,na,na,na,350,9,0.09,na,na,bootstrap,Y,12,1.48,2.67,1.5415,12,1.4388,1.6915,0.9766,4278.1,0.569342416,0.202730213
P3148,P3148.2,P3148.2.3,P3148.2,1,1.4,organisms,bacteria,,Protozoan.density.FB,1,Poland,Poland,Euro,Meso,Lake,LakeMeso,Independent,N,Unio.tumidus,Unio,Unionida,native,na,4,na,na,na,165.25,na,0.17,3.7,15.4,14.38,8.37,na,na,na,na,20,0.02,5,na,anova,Y,360,30.92,1.94,0.35,244,2.36,0.54,0.38,3148.2,7.323318743,0.469590914
P3940,P3940.1,P3940.1,P3940.1,1,1.4,organisms,bacteria,,Antibacterial.concentration.FB,1,Italy,Italy,Euro,Lab,na,Lab,Repeated,N,Dreissena.polymorpha,Dreissena,Myida,non.native,na,na,3,na,0,na,na,na,na,8.18,20,8,na,na,na,na,20,7,na,2,na,na,3,248,45,25.9808,6,127.7,15.3,6.2462,na,3.915688671,1.246873827
P1661,P1661.1,P1661.1.1,P1661.1,1,1.4,organisms,bacteria,,Bacteria.concentration.system,-1,Portugal,Portugal,Euro,Lab,na,Lab,Repeated,N,Corbicula.fluminea,Corbicula,Venerida,non.native,na,na,0.5,na,na,na,na,na,na,na,20,na,na,na,na,na,30,60,na,2.5,na,na,12,6396,432,216,12,10428,1320,660,1661.1,11.89717998,6.601909761
P3997,P3997.2,P3997.1,P3997.1,1,1.4,organisms,bacteria,,Bacteria.content.system,-1,Portugal,Portugal,Euro,Lab,na,Lab,Repeated,N,Corbicula.fluminea,Corbicula,Venerida,non.native,na,na,1.5,na,0,na,na,na,na,9,20,4.49,na,na,na,na,10,6.7,na,2.4,na,na,3,2.9933,0.9063,0.5233,1,7.4,0,0,na,2.778455573,1.400351071
P3135,P3135.2,P3135.2.1,P3135.2,1,1.4,organisms,bacteria,,Bacteria.formation.system,-1,Italy,Italy,Euro,Lab,na,Lab,Independent,N,Dreissena.polymorpha,Dreissena,Myida,non.native,na,na,0.3,na,0,na,na,na,na,na,23,na,na,na,na,na,10,33,na,2,anova,Y,5,25,8,3.5777,2,26.64,1.52,1.0748,na,0.192142876,0.499035955
P1674,P1674.1,P1674.1.1,P1674.1,1,1.4,organisms,bacteria,,Human.pathogen.concentration.system,-1,Finland,Finland,Euro,Lab,na,Lab,Repeated,Y,Anodonta.anatina,Anodonta,Unionida,native,na,na,2,na,na,na,na,na,na,na,15.5,na,na,na,na,na,na,na,na,8.5,na,na,21,1773,1985.9104,628,20,6520,1166.8805,369,1674.1,1.839226559,0.177153021
P2532,P2532.1,P2532.3,P2532.1,1,1.4,organisms,bacteria,,Human.pathogene.concentration.FB,1,France,France,Euro,Lab,na,Lab,Repeated,N,Dreissena.polymorpha,Dreissena,Myida,non.native,na,na,5,na,na,na,na,na,na,na,14,na,na,na,na,na,35,11.6,na,2.4,mann.whitney,Y,4,31.2,29.1,14.55,4,0,0,0,na,1.318495836,0.486723788
P2532,P2532.1,P2532.1,P2532.2,1,1.4,organisms,bacteria,,Human.pathogene.density.system,-1,France,France,Euro,Lab,na,Lab,Repeated,N,Dreissena.polymorpha,Dreissena,Myida,non.native,na,na,5,na,na,na,na,na,na,na,14,na,na,na,na,na,35,11.6,na,2.4,mann.whitney,Y,8,1.4,1.5,0.75,8,0,0,0,2532.2,-1.012360528,0.27700383
P3135,P3135.1,P3135.1.1,P3135.1,1,1.4,organisms,bacteria,,Poliovirus.accumulation.rate.FB,1,Italy,Italy,Euro,Lab,na,Lab,Independent,N,Dreissena.polymorpha,Dreissena,Myida,non.native,na,na,0.3,na,0,na,na,na,na,na,23,na,na,na,na,na,10,33,na,2,anova,Y,3,486,33,19.0526,2,3.44,0.2,0.1414,na,13.02495775,17.4057238
P3135,P3135.1,P3135.1.2,P3135.2,1,1.4,organisms,bacteria,,Rotavirus.occurrence.system,-1,Italy,Italy,Euro,Lab,na,Lab,Independent,N,Dreissena.polymorpha,Dreissena,Myida,non.native,na,na,0.3,na,0,na,na,na,na,na,23,na,na,na,na,na,10,33,na,2,anova,Y,3,1.88,0.5,0.2887,2,26.64,1.52,1.0748,na,18.60477838,35.05454922
P1982,P1982.1,na,P1982.1,1,1.5,organisms,invasive,,FB.density.system,-1,Germany,Germany,Euro,Meso,Lake,LakeMeso,Repeated,Y,Anodonta.cygnea,Anodonta,Unionida,native,na,0.028,na,0.5,na,na,na,0.05,na,na,13.5,na,na,na,na,na,15,na,na,0.7,mann.whitney,N,10,17.3,9.1,2.8777,10,17.2,1.77,0.5597,na,-0.014610348,0.183461
P3270,P3270.1,P3270.1.1,P3270.1,1,1.5,organisms,invasive,,Density.of.juvenile.Dreissena.polymorpha.system,-1,Germany,Germany,Euro,Meso,Lake,LakeMeso,Independent,Y,Dreissena.polymorpha,Dreissena,Myida,non.native,na,0.0121,na,2,na,na,na,na,na,na,na,na,na,na,na,na,101,na,8.388,na,anova,Y,18,7815,2880,960,81,40.99,3,0.3873,3270.1,-5.12945064,0.25098795
P2398,P2398.1,P2398.2,P2398.2,1,1.5,organisms,invasive,,Larvae.density.system,-1,Poland,Poland,Euro,Meso,Lake,LakeMeso,Independent,N,Dreissena.polymorpha,Dreissena,Myida,non.native,na,na,22.5,0.18,na,na,na,na,na,9.1,17.8,8.7,na,na,na,na,50,22.2,555,1.8,na,na,113,3.9459,2.093,0.2433,113,3.9324,2.7315,0.3175,2398.2,-3.595385726,0.114615088
P1017,P1017.1,P1017.1.1,P1017.1,2,2.1,human.inputs,human.inputs,mediation.wastes,Drug.concentration.FB,1,France,France,Euro,Meso,ConcreteTank,ConcreteTankMeso,Repeated,N,Dreissena.polymorpha,Dreissena,Myida,non.native,na,2,na,na,na,na,na,na,na,na,na,na,na,na,na,na,45,na,4.5,2.25,na,na,12,1.5,0.06,0.0346,12,0,0,0,1017.1,17.82923454,14.81032647
P1912,P1912.2,P1912.2.4,P1912.1,2,2.1,human.inputs,human.inputs,mediation.wastes,Ammonia.concentration.system,-1,UK,UK,Euro,Field,Lake,LakeField,Independent,Y,Dreissena.polymorpha,Dreissena,Myida,non.native,566500,na,na,5.04,na,na,na,na,na,10.5,12.9,7.69,na,na,na,na,550000000,na,na,1.89,na,Y,12,36.5,3.333,0.9622,12,26.6,3.704,1.0693,na,-2.712907216,0.308701123
P4403,P4403.1,P4403.1.1,P4403.1,2,2.1,human.inputs,human.inputs,mediation.wastes,Hg.concentration.FB,1,Spain,Spain,Euro,Field,Lake,LakeField,Independent,N,Dreissena.polymorpha,Dreissena,Myida,non.native,3200000,na,na,10,na,na,na,na,na,na,na,na,na,0.07,na,na,na,na,na,4.42,t.test,Y,50,8.2,2.6,0.8222,45,3.23,1.25,0.3467,4403.1,-2.251657473,0.36926844
P3592,P3592.1,P3592.1.5,P3592.1,2,2.1,human.inputs,human.inputs,mediation.wastes,PAH.concentration.FB,1,Italy,Italy,Euro,Field,Lake,LakeField,Independent,N,Dreissena.polymorpha,Dreissena,Myida,non.native,212500000,na,na,5,na,na,na,na,na,na,15.8,7.9,na,na,na,na,300,na,na,2.03,anova,Y,9,410.62,75.4655,43.57,12,88.1,45.6,22.8,3592.1,4.884681457,1.62768274
P4771,P4771.1,P4771.1.2,P4771.1,2,2.1,human.inputs,human.inputs,mediation.wastes,Cd.concentration.FB,1,Hungary,Hungary,Euro,Lab,na,Lab,Repeated,N,Anodonta.cygnea,Anodonta,Unionida,native,na,na,na,na,na,na,na,na,na,na,11,na,na,na,na,na,na,na,na,na,na,na,20,82.1,78.1083,24.7,18,4.8729,3.8136,1.2712,4771.1,0.626415585,0.134092776
P1884,P1884.1,P1884.1.1,P1884.1,2,2.1,human.inputs,human.inputs,mediation.wastes,Cd.concentration.FB,1,TheNetherlands,TheNetherlands,Euro,Lab,na,Lab,Repeated,N,Anodonta.cygnea,Anodonta,Unionida,native,na,na,85,na,na,na,na,0.16,na,10.5,11.5,7.9,na,na,na,na,70,na,na,12.5,na,na,4,58.1,17.7,8.85,4,0,0,0,na,4.036640038,1.396475758
P4308,P4308.2,P4308.2.1,P4308.2,2,2.1,human.inputs,human.inputs,mediation.wastes,U.concentration.FB,1,France,France,Euro,Lab,na,Lab,Repeated,Y,Corbicula.fluminea,Corbicula,Venerida,non.native,na,0.12,40,na,na,na,na,na,na,na,20,7.4,0.26,na,na,2.6,40,0.08,10,na,anova,Y,10,7,2,0.6325,100,34.4,0.4,0.04,na,-39.2732139,7.119316417
P550,P550.1,P550.1.1,P550.1,2,2.1,human.inputs,human.inputs,mediation.wastes,Ni.concentration.FB,1,France,France,Euro,Lab,na,Lab,Repeated,N,Dreissena.polymorpha,Dreissena,Myida,non.native,na,na,10,na,na,na,na,na,na,na,12.35,8.05,na,na,na,na,5,0.5,na,2.1,f.test,Y,5,1.23,0.25,0.1118,300,198,15,0.866,na,-13.17271607,0.486786901
P5080,P5080.2,na,P5080.1,2,2.1,human.inputs,human.inputs,mediation.wastes,Ammonia.concentration.system,-1,Poland,Poland,Euro,Lab,na,Lab,Independent,N,Dreissena.polymorpha,Dreissena,Myida,non.native,na,na,5,na,na,na,na,0.04,na,9,24,8.3,na,na,350,na,na,na,na,1.3,anova,Y,8,56,5,2.5,8,24,1,0.5,5080.1,-6.912455738,2.119123736
P551,P551.1,P551.1.1,P551.1,2,2.1,human.inputs,human.inputs,mediation.wastes,Cd.concentration.FB,1,France,France,Euro,Lab,na,Lab,Repeated,N,Dreissena.polymorpha,Dreissena,Myida,non.native,na,na,na,na,na,0,na,na,2.15,na,14.3,8.19,na,na,na,na,na,na,na,2.1,na,na,132,1.5792,0.324,0.0564,902,8,1,0.0577,551.1,-3.573546633,0.116525165
P4148,P4148.1,P4148.1.6,P4148.1,2,2.1,human.inputs,human.inputs,mediation.wastes,Arsenic.concentration.FB,1,Germany,Germany,Euro,Lab,na,Lab,Repeated,N,Dreissena.polymorpha,Dreissena,Myida,non.native,na,na,0.8,na,na,na,na,na,na,na,21,8.5,na,na,na,na,20,25,1200,1.8,t.test,Y,45,21,7.7,3.4435,125,77,8,2.0656,4148.1,-0.985915276,0.450010972
P790,P790.2,P790.2.3,P790.1,2,2.1,human.inputs,human.inputs,mediation.wastes,Relative.mRNA.abundance.values.of.AHR.in.gills,1,France,France,Euro,Lab,na,Lab,Repeated,N,Dreissena.polymorpha,Dreissena,Myida,non.native,na,na,12,na,na,na,na,na,na,na,16,na,na,na,na,na,20,1.6,na,2,anova,Y,48,0.059,0.1,0.0577,84,3.5837,3.4723,1.7361,790.1,-0.29850626,0.238476309
P1737,P1737.1,P1737.1.1,P1737.1,2,2.1,human.inputs,human.inputs,mediation.wastes,Microplastic.concentration.system,-1,Portugal,Portugal,Euro,Lab,na,Lab,Repeated,N,Corbicula.fluminea,Corbicula,Venerida,non.native,na,na,1,na,na,na,na,na,na,9,18,na,na,na,na,na,1,1,na,2.9,anova,Y,117,0.06,0.06,0.0055,24,0.05,0.04,0.0082,na,-0.173953965,0.049779597
P1162,P1162.1,P1162.1.3,P1162.1,2,2.1,human.inputs,human.inputs,mediation.wastes,Pollutant.concentration.FB,1,Portugal,Portugal,Euro,Lab,na,Lab,Independent,N,Corbicula.fluminea,Corbicula,Venerida,non.native,na,na,1.5,na,na,na,na,na,na,7.97,16.4,4.29,na,na,na,na,20,13.3,na,24,t.test,Y,12,11.425,4.299,2.482,12,3.054,0.905,0.5225,1162.1,0.287163411,0.235743742
P1415,P1415.2,P1415.2.1,P1415.1,2,2.1,human.inputs,human.inputs,mediation.wastes,Selenate.concentrations.FB,1,France,France,Euro,Lab,na,Lab,Repeated,Y,Corbicula.fluminea,Corbicula,Venerida,non.native,na,na,0.2,na,na,na,na,na,na,na,20,7,0.9,na,na,na,60,0.44,84,2.8,t.test,Y,10,0.91,1.051,0.47,10,0.44,0.2236,0.1,1415.1,0.67190314,0.218452134
P2953,P2953.1,P2953.1.1,P2953.1,2,2.1,human.inputs,human.inputs,mediation.wastes,Cd.concentration.FB,1,France,France,Euro,Lab,na,Lab,Repeated,Y,Dreissena.polymorpha,Dreissena,Myida,non.native,na,0.14,3,0.2,0.05,na,na,na,na,9.5,20,8.5,na,na,na,na,5,1.6,354,2.7,na,na,6,130,43.3013,25,5,99.0826,7.7847,5.5046,2953.1,1.190008758,0.362089878
P1899,P1899.1,na,P1899.1,2,2.1,human.inputs,human.inputs,mediation.wastes,Cd.concentration.FB,1,TheNetherlands,TheNetherlands,Euro,Lab,na,Lab,Independent,N,Dreissena.polymorpha,Dreissena,Myida,non.native,na,na,80,na,na,na,na,na,na,na,na,na,na,na,na,na,na,na,na,2.4,t.test,Y,5,553,368.9512,165,5,25,0,0,na,1.828000586,0.49340605
P4145,P4145.1,P4145.1.3,P4145.1,2,2.1,human.inputs,human.inputs,mediation.wastes,Pollutant.concentration.FB,1,Germany,Germany,Euro,Lab,na,Lab,Repeated,N,Dreissena.polymorpha,Dreissena,Myida,non.native,na,na,1,na,na,na,na,na,na,6.81,17.8,7.6,0.76,na,na,na,7,7,na,1.8,anova,N,48,17,9,2.25,39,7.66,0.16,0.1131,4145.1,2.640119278,0.224658653
P4145,P4145.2,P4145.2.4,P4145.2,2,2.1,human.inputs,human.inputs,mediation.wastes,Pesticide.concentration.FB,1,Germany,Germany,Euro,Lab,na,Lab,Repeated,N,Dreissena.bugensis,Dreissena,Myida,non.native,na,na,1,na,na,na,na,na,na,6.92,17.7,7.6,0.84,na,na,na,7,7,na,1.8,anova,N,42,22,7,1.8708,4,14.06,1.33,0.9405,4145.2,2.734401188,0.539491875
P1416,P1416.1,P1416.1.5,P1416.1,2,2.1,human.inputs,human.inputs,mediation.wastes,Selenate.concentrations.FB,1,France,France,Euro,Lab,na,Lab,Independent,Y,Corbicula.fluminea,Corbicula,Venerida,non.native,na,0.25,0,na,na,na,na,na,na,na,20,7,0.88,na,na,na,1,5,400,2.8,na,na,60,2.56,0.8944,0.4,60,0.35,0.0447,0.02,1416.1,2.735594496,0.223596011
P873,P873.2,P873.2.1,P873.1,2,2.1,human.inputs,human.inputs,mediation.wastes,Cd.concentration.FB,1,France,France,Euro,Lab,na,Lab,Independent,N,Corbicula.fluminea,Corbicula,Venerida,non.native,na,na,2.5,0.17,0.05,na,na,na,na,8.4,24,8.72,0.38,0.06,na,na,3,1.2,500,2.5,scheffe,Y,16,1629,82,47.3427,16,857,43,24.8261,873.1,4.970687714,1.387971241
P1530,P1530.1,P1530.1.2,P1530.1,2,2.1,human.inputs,human.inputs,mediation.wastes,Nanoparticules.concentration.system,-1,France,France,Euro,Lab,na,Lab,Repeated,N,Dreissena.polymorpha,Dreissena,Myida,non.native,na,0.15,90,na,na,na,na,na,na,na,17.5,na,na,na,na,na,60,0.93,400,2.25,tukey,Y,6,37,4,2.3094,6,96,12,6.9282,1530.1,4.986847982,1.564842463
P3487,P3487.1,P3487.1.1,P3487.1,2,2.1,human.inputs,human.inputs,mediation.wastes,Hg.concentration.system,-1,Portugal,Portugal,Euro,Lab,na,Lab,Repeated,N,Corbicula.fluminea,Corbicula,Venerida,non.native,na,na,16,na,na,na,na,na,na,8.4,16,na,na,na,na,na,1,0.4,na,2.7,tukey,Y,6,1.8,0.4,0.2309,6,9,1.0046,0.58,3487.1,6.740536599,2.654048622
P1140,P1140,na,P1140,2,2.1,human.inputs,human.inputs,mediation.wastes,As.concentration.FB,1,Portugal,Portugal,Euro,Lab,na,Lab,Repeated,Y,Corbicula.fluminea,Corbicula,Venerida,non.native,na,na,20,na,na,na,na,na,na,na,20,7,1.6,na,na,na,10,0.5,na,1.9,na,na,10,145,26,8.2219,10,0.7,0.1,0.1195,na,7.517186631,1.596158035
P5604,P5604.1,P5604.1.1,P5604.1,2,2.1,human.inputs,human.inputs,mediation.wastes,Drug.concentration.FB,1,Germany,Germany,Euro,Lab,na,Lab,Independent,N,Corbicula.fluminea,Corbicula,Venerida,non.native,na,na,na,na,na,na,na,na,na,na,na,na,na,na,na,2.25,4,na,na,1.9,na,na,4,12.5,2,1,5,0,0.01,0.0045,na,8.486109853,4.356336691
P4309,P4309.1,P4309.1.2,P4309.1,2,2.1,human.inputs,human.inputs,mediation.wastes,U.concentration.FB,1,France,France,Euro,Lab,na,Lab,Repeated,Y,Corbicula.fluminea,Corbicula,Venerida,non.native,na,0.12,108,na,na,na,na,na,na,na,20,7,0.3,na,na,na,150,1.38,375,na,t.test,Y,10,34,5,2.2361,105,0,0,0,4309.1,9.969255143,1.454881865
P4148,P4148.3,P4148.3.3,P4148.2,2,2.1,human.inputs,human.inputs,mediation.wastes,P.concentration.system,-1,Germany,Germany,Euro,Lab,na,Lab,Repeated,N,Dreissena.polymorpha,Dreissena,Myida,non.native,na,na,0.8,na,na,na,na,na,na,na,21,8.5,na,na,na,na,20,25,1200,1.8,anova,Y,45,591.3043,156.5217,69.9986,45,5.6,0.7,0.313,4148.2,13.93834835,15.18268046
P5160,P5160.1,P5160.1.1,P5160.1,2,2.1,human.inputs,human.inputs,mediation.wastes,Cd.concentration.FB,1,Bulgaria,Bulgaria,Euro,Lab,na,Lab,Repeated,N,Dreissena.polymorpha,Dreissena,Myida,non.native,na,na,na,na,na,na,na,na,na,na,na,na,na,na,na,na,10,na,na,na,na,na,10,820,4.5,1.423,4,0.0725,0.0052,0.0026,na,196.9640788,1385.837042
P2387,P2387.1,na,P2387.1,2,2.1,human.inputs,human.inputs,mediation.wastes,Zn.concentration.FB,1,Ukraine,Ukraine,Euro,Field,River,RiverField,Independent,N,Anodonta.anatina,Anodonta,Unionida,native,na,na,na,8,na,na,na,na,na,na,na,na,na,na,na,na,na,na,na,na,na,na,42,489,539.7333,204,24,140,91,91,2387.1,1.165743685,0.228111292
P1851,P1851.1,P1851.1.3,P1851.1,2,2.1,human.inputs,human.inputs,mediation.wastes,Drug.concentration.FB,1,Belgium,Belgium,Euro,Field,River,RiverField,Repeated,N,Anodonta.cygnea,Anodonta,Unionida,native,na,na,na,0.5,0.03,na,1.8,0.2,na,7.1,14.2,7.8,10,na,na,na,5,0.1,na,65,na,na,12,3.3,0.4,0.2,12,1,0.1,0.05,1851.1,5.450684637,1.146656441
P2606,P2606.1,P2606.1.5,P2606.1,2,2.1,human.inputs,human.inputs,mediation.wastes,Mn.concentration.system,-1,France,France,Euro,Field,River,RiverField,Independent,N,Dreissena.polymorpha,Dreissena,Myida,non.native,na,na,na,na,na,na,1.54,na,2,na,12.7,7.9,na,na,na,na,25,na,na,2.2,mann.whitney,Y,24,40.5,6.1,1.2452,23,15,2,0.417,na,-5.474685623,0.401167831
P355,P355.1,P355.1.3,P355.1,2,2.1,human.inputs,human.inputs,mediation.wastes,Denitrification.rate.system,-1,Italy,Italy,Euro,Field,River,RiverField,Independent,Y,Sinanodonta.woodiana,Sinanodonta,Unionida,non.native,na,na,na,na,na,na,na,na,na,na,na,na,na,12.9,na,283,13,na,6,na,mann.whitney,Y,91,0.76,0.14,0.04,126,0,0,0,355.1,-3.014397814,0.117837393
P1374,P1374.1,P1374.1.1,P1374.1,2,2.1,human.inputs,human.inputs,mediation.wastes,Ammonia.concentration.system,-1,Spain,Spain,Euro,Field,River,RiverField,Independent,N,Corbicula.fluminea,Corbicula,Venerida,non.native,17100000000,na,na,na,na,na,na,na,na,na,na,na,na,na,na,na,na,na,na,na,lmm,Y,14,33,4.2,2.1,14,8.8,4.2,2.1,1374.1,-2.243860456,0.404773431
P3650,P3650.1,na,P3650.1,2,2.1,human.inputs,human.inputs,mediation.wastes,La.concentration.FB,1,France,France,Euro,Field,River,RiverField,Independent,N,Corbicula.fluminea,Corbicula,Venerida,non.native,na,na,na,na,na,na,na,na,na,na,na,na,na,na,na,na,5,na,na,na,na,na,420,410,336.9496,87,140,127.6,0,0,3650.1,0.540175639,0.082202395
P2606,P2606.1,P2606.1.2,P2606.2,2,2.1,human.inputs,human.inputs,mediation.wastes,Co.concentration.FB,1,France,France,Euro,Field,River,RiverField,Independent,N,Dreissena.polymorpha,Dreissena,Myida,non.native,na,na,na,na,na,na,1.54,na,2,na,12.7,7.9,na,na,na,na,25,na,na,2.2,mann.whitney,Y,168,1,0.07,0.0143,161,0.86,0.07,0.0146,2606.2,1.591252167,0.154525203
P355,P355.1,P355.1.1,P355.2,2,2.1,human.inputs,human.inputs,mediation.wastes,O.flux.system,1,Italy,Italy,Euro,Field,River,RiverField,Independent,Y,Sinanodonta.woodiana,Sinanodonta,Unionida,non.native,na,na,na,na,na,na,na,na,na,na,na,na,na,12.9,na,283,13,na,6,na,mann.whitney,Y,13,8.5,1.8,0.5,18,0,0,0,na,7.149488614,0.950095367
P2603,P2603.1,P2603.1.1,P2603.1,2,2.1,human.inputs,human.inputs,mediation.wastes,Cu.concentration.FB,1,Germany,Germany,Euro,Field,River,RiverField,Repeated,N,Dreissena.polymorpha,Dreissena,Myida,non.native,na,na,10,na,na,na,na,na,na,na,na,6.98,na,na,na,na,360,36,4000,1.9,na,na,32,61,1,0.2236,32,6.2,0.9,0.2012,2603.1,31.95022047,11.21661208
P954,P954.1,P954.1,P954.1,2,2.1,human.inputs,human.inputs,mediation.wastes,As.concentration.FB,1,Portugal,Portugal,Euro,Meso,River,RiverMeso,Repeated,na,Corbicula.fluminea,Corbicula,Venerida,non.native,na,na,20,na,na,na,na,na,na,na,20,7.06,1.6,na,na,na,15,0.75,na,2,mann.whitney,Y,2,157.8007,49.806,35.2182,2,11.5464,8.434,5.9637,na,2.339725077,1.010819791
P3108,P3108.1,P3108.1.1,P3108.2,2,2.1,human.inputs,human.inputs,mediation.wastes,Cr.concentration.FB,1,France,France,Euro,Meso,River,RiverMeso,Repeated,N,Dreissena.polymorpha,Dreissena,Myida,non.native,na,na,na,na,na,na,na,na,na,na,na,na,na,na,na,na,100,na,na,2,na,na,56,133,19,5.078,6,0,0,0,3108.2,2.97928192,0.53015184
P2890,P2890.1,na,P2890.1,2,2.1,human.inputs,human.inputs,mediation.wastes,Al.concentration.system,-1,Italy,Italy,Euro,Meso,WTP,WTPMeso,Repeated,N,Dreissena.polymorpha,Dreissena,Myida,non.native,na,1.57,1000,0.8,na,na,na,na,na,na,17,na,na,na,na,na,40000,40,33200,na,anova,Y,18,54.1,13.3368,7.7,18,32,18.8794,10.9,2890.1,-0.976821783,0.202473102
P3270,P3270.2,P3270.2.1,P3270.2,3,3.1,physico.chemical.conditions,sediment.control,sediments,Sediment.concentration.system,1,Germany,Germany,Euro,Meso,Lake,LakeMeso,Independent,Y,Dreissena.polymorpha,Dreissena,Myida,non.native,na,0,na,2,na,na,na,na,na,na,na,na,na,na,na,na,28,na,8.39,na,anova,Y,5,639.4,443.19,198.2,9,2103,1014,338,na,-1.581159291,0.361950366
P3270,P3270.2,P3270.2.3,P3270.1,3,3.1,physico.chemical.conditions,sediment.control,sediments,Sedimentation.loss.of.ignition.system,-1,Germany,Germany,Euro,Meso,Lake,LakeMeso,Independent,Y,Dreissena.polymorpha,Dreissena,Myida,non.native,na,0,na,2,na,na,na,na,na,na,na,na,na,na,na,na,28,na,8.39,na,anova,Y,5,5.56,1.57,0.7,9,367,180,60,na,2.302268104,0.461963713
P3918,P3918.2,na,P3918.2,3,3.1,physico.chemical.conditions,sediment.control,sediments,Sediment.compression.system,1,Germany,Germany,Euro,Field,River,RiverField,Independent,Y,Unio.crassus,Unio,Unionida,native,na,na,na,na,na,na,na,na,na,9.75,14.9,7.6,na,na,na,na,1,na,100,na,mann.whitney,N,15,0.86,0.9,0.2324,15,1,0.85,0.2195,na,-0.155612173,0.126627107
P1912,P1912.2,P1912.2.2,P1912.2,3,3.2,physico.chemical.conditions,regulation.chemical,sediments,Suspended.sediments.concentration.system,-1,UK,UK,Euro,Field,Lake,LakeField,Independent,Y,Dreissena.polymorpha,Dreissena,Myida,non.native,566500,na,na,5.04,na,na,na,na,na,10.5,12.9,7.69,na,na,na,na,550000000,na,na,1.89,na,Y,12,1.81,0.505,0.1458,12,3.47,0.699,0.2018,na,2.628487018,0.299306924
P2842,P2842.1,P2842.1,P2842.1,3,3.2,physico.chemical.conditions,regulation.chemical,sediments,Sediment.clearance.rate.system,1,Germany,Germany,Euro,Lab,na,Lab,Independent,Y,Unio.pictorum,Unio,Unionida,native,na,0.15,3,na,0.05,na,na,na,na,na,16,na,na,na,na,62.3,6,1.5,384,8.6,na,na,66,0.4,0.08,0.0098,5,11.9286,14.7924,6.6154,na,-3.200851354,0.282633957
P1182,P1182.4,P1182.4.1,P1182.2,3,3.2,physico.chemical.conditions,regulation.chemical,sediments,Suspended.sediments.concentration.system,-1,CzechRepublic,CzechRepublic,Euro,Lab,na,Lab,Repeated,N,Unio.tumidus,Unio,Unionida,native,na,0.14,7.5,na,0.03,na,na,na,na,8.69,18.61,7.52,na,na,na,49.9,1,1.3,7.4,7.3,tukey,N,6,2,0.05,0.02,6,22,1.2247,0.5,na,21.30058505,19.18881215
P5671,P5671.2,P5671.2.1,P5671.2,3,3.2,physico.chemical.conditions,regulation.chemical,water.conditions,Seston.filtration.rate.system,1,Germany,Germany,Euro,Field,Estuary,EstuaryField,Repeated,N,Dreissena.polymorpha,Dreissena,Myida,non.native,215,na,na,na,na,na,na,na,na,na,12,na,na,na,na,na,na,na,na,1.8,na,na,2,11.7,6.3,4.4548,6,341,44,17.9629,na,-7.114482389,3.667587007
P2994,P2994.1,P2994.5,P2994.1,3,3.2,physico.chemical.conditions,regulation.chemical,water.conditions,O.flux.system,1,Lithuania,Lithuania,Euro,Meso,Estuary,EstuaryMeso,Repeated,na,Dreissena.polymorpha,Dreissena,Myida,non.native,na,na,0.23,na,na,na,na,na,na,na,23,na,0.8,na,na,na,47,207,na,na,mann.whitney,Y,4,13,8.8,4.4,3,73,5.7158,3.3,na,-6.548500368,3.476726962
P1912,P1912.2,P1912.2.3,P1912.3,3,3.2,physico.chemical.conditions,regulation.chemical,water.conditions,NO3.concentration.system,-1,UK,UK,Euro,Field,Lake,LakeField,Independent,Y,Dreissena.polymorpha,Dreissena,Myida,non.native,566500,na,na,5.04,na,na,na,na,na,10.5,12.9,7.69,na,na,na,na,550000000,na,na,1.89,na,Y,24,0.95,0.1,0.0289,24,0.41,0.078,0.0225,1912.3,-0.417351444,0.477863271
P1932,P1932.1,P1932.1.4,P1932.1,3,3.2,physico.chemical.conditions,regulation.chemical,water.conditions,Secchi.depth.system,1,Sweden,Sweden,Euro,Field,Lake,LakeField,Independent,N,Dreissena.polymorpha,Dreissena,Myida,non.native,na,na,na,5.25,na,0.04,na,0.04,na,na,na,na,na,na,na,na,na,na,na,na,t.test,Y,6,4.53,1.67,0.78,8,2.04,0.96,0.34,na,1.788032799,0.369801705
P1912,P1912.2,P1912.2.1,P1912.4,3,3.2,physico.chemical.conditions,regulation.chemical,water.conditions,Secchi.depth.system,1,UK,UK,Euro,Field,Lake,LakeField,Independent,Y,Dreissena.polymorpha,Dreissena,Myida,non.native,566500,na,na,5.04,na,na,na,na,na,10.5,12.9,7.69,na,na,na,na,550000000,na,na,1.89,na,Y,12,2.25,0.278,0.0803,12,1.32,0.139,0.0401,na,4.085621943,0.503126979
P4898,P4898.3,na,P4898.2,3,3.2,physico.chemical.conditions,regulation.chemical,water.conditions,Secchi.depth.system,1,TheNetherlands,TheNetherlands,Euro,Meso,Lake,LakeMeso,Repeated,Y,Dreissena.bugensis,Dreissena,Myida,non.native,254.7,0.87,750,0.86,0.2,0.08,na,0.23,na,10,23.6,8.2,na,na,0.06,na,392,na,na,2.26,t.test,Y,4,0.48,0.02,0.01,4,0.82,0.02,0.01,na,-14.7826087,14.03591682
P2227,P2227.1,P2227.1.1,P2227.1,3,3.2,physico.chemical.conditions,regulation.chemical,water.conditions,O.concentration.system,1,Poland,Poland,Euro,Meso,Lake,LakeMeso,Repeated,na,Dreissena.polymorpha,Dreissena,Myida,non.native,na,na,270,na,na,0.02,na,0.07,na,9.5,18.7,na,na,na,250,na,200,0.66,332,1.5,anova,N,3,10.6538,2.3077,1.3323,3,11.4615,1.7308,0.9993,na,-0.316784152,0.43502935
P3270,P3270.2,P3270.2.2,P3270.3,3,3.2,physico.chemical.conditions,regulation.chemical,water.conditions,Organic.matter.concentration.system,-1,Germany,Germany,Euro,Meso,Lake,LakeMeso,Independent,Y,Dreissena.polymorpha,Dreissena,Myida,non.native,na,0,na,2,na,na,na,na,na,na,na,na,na,na,na,na,28,na,8.39,na,anova,Y,5,30,9.17,4.1,9,826,501,167,na,1.821542964,0.391163011
P1361,P1361.1,P1361.1.1,P1361.1,3,3.2,physico.chemical.conditions,regulation.chemical,water.conditions,NH4.flux.system,-1,Poland,Poland,Euro,Meso,Lake,LakeMeso,Independent,N,Dreissena.polymorpha,Dreissena,Myida,non.native,na,na,300,na,na,0.03,1.41,0.06,na,9.33,18.67,na,na,na,250,na,200,0.66,332,1.5,anova,Y,6,0.151,0.028,0.0162,6,0.277,0.047,0.0271,1361.1,2.185100822,0.522798431
P5236,P5236.1,na,P5236.1,3,3.2,physico.chemical.conditions,regulation.chemical,water.conditions,N.content.system,-1,Lithuania,Lithuania,Euro,Lab,na,Lab,Repeated,Y,Dreissena.polymorpha,Dreissena,Myida,non.native,na,na,na,na,na,na,na,na,na,na,16.5,8.9,na,na,884,na,na,na,na,na,na,na,9,0.05,0.07,0.0404,9,0.03,0.01,0.0058,5236.1,-5.360049953,2.879336447
P4031,P4031.1,P4031.1.5,P4031.1,3,3.2,physico.chemical.conditions,regulation.chemical,water.conditions,NO3.flux.system,-1,Lithuania,Lithuania,Euro,Lab,na,Lab,Independent,N,Dreissena.polymorpha,Dreissena,Myida,non.native,na,na,2,0.25,0.15,0,na,na,na,na,16,na,0,na,na,na,30,15,na,0.9,f.test,Y,63,16.1,11.7,3.9,7,0.16,0,0,4031.1,-2.021275634,0.408230334
P1162,P1162.2,P1162.2.1,P1162.2,3,3.2,physico.chemical.conditions,regulation.chemical,water.conditions,Nitrification.groups.FB,1,Portugal,Portugal,Euro,Lab,na,Lab,Independent,N,Corbicula.fluminea,Corbicula,Venerida,non.native,na,na,1.5,na,na,na,na,na,na,7.97,16.4,4.29,na,na,na,na,20,13.3,na,24,t.test,N,6,24.095,24.208,13.9765,6,11.878,5656,3265.4931,1162.2,-0.709514501,0.318413069
P357,P357.1,P357.1.19,P357.1,3,3.2,physico.chemical.conditions,regulation.chemical,water.conditions,SiO2.flux.system,-1,Lithuania,Lithuania,Euro,Lab,na,Lab,Independent,Y,Dreissena.polymorpha,Dreissena,Myida,non.native,na,0.01,1.5,na,na,na,na,na,na,na,17,na,na,na,na,na,na,na,na,na,anova,Y,24,6,5.6,2.8,45,0.04,0.06,0.03,357.1,-0.126676358,0.256744101
P1162,P1162.2,P1162.2.4,P1162.3,3,3.2,physico.chemical.conditions,regulation.chemical,water.conditions,P.concentration.system,-1,Portugal,Portugal,Euro,Lab,na,Lab,Independent,N,Corbicula.fluminea,Corbicula,Venerida,non.native,na,na,1.5,na,na,na,na,na,na,7.97,16.4,4.29,na,na,na,na,20,13.3,na,24,t.test,N,6,14.253,7.24,4.18,6,4.977,4525,2612.51,1162.3,-0.000504438,0.266666851
P357,P357.1,P357.1.21,P357.2,3,3.2,physico.chemical.conditions,regulation.chemical,water.conditions,SiO2.flux.system,-1,Lithuania,Lithuania,Euro,Lab,na,Lab,Independent,Y,Several,Several,Several,non.native,na,na,1.5,na,na,na,na,na,na,na,17,na,na,na,na,na,na,na,na,na,anova,Y,44,1,5.4,2.7,72,0.9,0.6,0.3,357.2,0.366694709,0.190054361
P4031,P4031.1,P4031.1.9,P4031.2,3,3.2,physico.chemical.conditions,regulation.chemical,water.conditions,O.concentration.system,1,Lithuania,Lithuania,Euro,Lab,na,Lab,Independent,N,Dreissena.polymorpha,Dreissena,Myida,non.native,na,na,2,0.25,0.15,0,na,na,na,na,16,na,0,na,na,na,30,15,na,0.9,f.test,Y,18,2120,560,186.6667,10,2.87,0.13,0.0433,4031.2,3.771101619,0.663938776
P357,P357.1,P357.1.3,P357.3,3,3.2,physico.chemical.conditions,regulation.chemical,water.conditions,O.flux.system,1,Lithuania,Lithuania,Euro,Lab,na,Lab,Independent,Y,Several,Several,Several,non.native,na,na,1.5,na,na,na,na,na,na,na,17,na,na,na,na,na,na,na,na,na,anova,Y,4,205.7,57.2,28.6,4,0.9,0.6,0.3,na,4.402782075,1.589602458
P1381,P1381.1,P1381.1.1,P1381.1,3,3.2,physico.chemical.conditions,regulation.chemical,water.conditions,O.content.system,1,Portugal,Portugal,Euro,Lab,na,Lab,Repeated,N,Corbicula.fluminea,Corbicula,Venerida,non.native,na,na,0.3,na,0,na,na,na,na,8,20,8,na,na,na,na,20,66.6,na,2.4,na,na,120,77.1023,27.1512,9.5994,120,0,0,0,1381.1,4.706232288,0.141591937
P1374,P1374.1,P1374.1.2,P1374.2,3,3.2,physico.chemical.conditions,regulation.chemical,water.conditions,P.concentration.system,-1,Spain,Spain,Euro,Field,River,RiverField,Independent,N,Corbicula.fluminea,Corbicula,Venerida,non.native,17100000000,na,na,na,na,na,na,na,na,na,na,na,na,na,na,na,na,na,na,na,lmm,Y,14,411.7,103.2,51.6,14,154.2,117,58.5,1374.2,-1.357606535,0.237379829
P5465,P5465.2,na,P5465.2,1,1.3,organisms,algae,,Chl.concentration.system,-1,Russia,Russia,Euroasia,Meso,Estuary,EstuaryMeso,Independent,Y,Dreissena.polymorpha,Dreissena,Myida,non.native,330,na,na,4,na,0,na,na,na,na,na,na,na,na,na,1.8,na,na,na,1.9,anova,N,6,1.74,0.323,0.1319,6,1.807,0.138,0.0563,na,0.249010484,0.286607261
P5726,P5726.1,P5726.1.2,P5726.1,2,2.1,human.inputs,human.inputs,mediation.wastes,Cd.concentration.FB,1,Russia,Russia,Euroasia,Lab,na,Lab,Repeated,N,Anodonta.cygnea,Anodonta,Unionida,native,na,na,4,na,na,na,na,0.25,na,7.4,20,6.95,na,na,na,na,4,1,na,7.18,na,na,4,40.9,4.99,3.5285,2,11.18,0,0,5726.1,0,0
P1018,P1018.1,na,P1018.1,2,2.1,human.inputs,human.inputs,mediation.wastes,Pollutant.concentration.FB,1,Russia,Russia,Euroasia,Lab,na,Lab,Independent,N,Several,Several,Unionida,native,na,na,na,na,na,na,na,na,na,na,na,na,na,na,na,na,na,na,na,7.5,t.test,Y,2,5.8108,1.4865,1.0511,16,4.0541,1.6216,0.4054,na,1.036913777,0.540070476
P1291,P1291.1,na,P1291.1,2,2.1,human.inputs,human.inputs,mediation.wastes,TSS.concentration.system,-1,Turkey,Turkey,Euroasia,Lab,na,Lab,Repeated,Y,Corbicula.fluminea,Corbicula,Venerida,non.native,na,na,375,na,na,na,na,na,na,na,na,na,1.38,na,na,na,na,na,32,1.41,na,na,15,2.06,0.6584,0.17,7,9.55,0.8996,0.34,na,9.749482454,2.354194761
P2257,P2257.1,P2257.1.1,P1694.1,2,2.1,human.inputs,human.inputs,mediation.wastes,Cu.concentration.FB,1,Turkey,Turkey,Euroasia,Field,River,RiverField,Independent,N,Unio.elongatulus,Unio,Unionida,native,na,na,na,na,na,na,na,na,na,na,na,na,na,na,na,na,na,na,na,3.15,na,na,50,5.61,1.62,0.7245,50,124.51,16.04,7.1733,1694.1,-49.93952906,67.69752843
P5465,P5465.1,na,P5465.1,3,3.2,physico.chemical.conditions,regulation.chemical,water.conditions,P.concentration.system,-1,Russia,Russia,Euroasia,Meso,Estuary,EstuaryMeso,Independent,Y,Dreissena.polymorpha,Dreissena,Myida,non.native,330,na,na,4,na,0,na,na,na,na,na,na,na,na,na,1.8,na,na,na,1.9,anova,N,6,8.6,4.9,2.0004,6,4.7,0.6,0.2449,na,-1.0313112,0.328340452
P1217,P1217.1,P1217.1.2,P1217.1,1,1.1,organisms,macrofauna.habitat,,Fishing-in-balance.index.system,1,Canada,Canada,NorthAm,Field,Lake,LakeField,Independent,Y,Dreissena.polymorpha,Dreissena,Myida,non.native,744000000,na,na,na,na,na,na,na,na,na,na,na,na,na,na,na,na,na,na,na,z.test,Y,24,0.81,0.27,0.3,24,0.72,0.25,0.1,1217.1,-0.565005539,0.157331008
P5314,P5314.1,P5314.1.1,P5314.1,1,1.1,organisms,macrofauna.habitat,,Macrophyte.available.habitat.system.,1,USA,USA,NorthAm,Field,Lake,LakeField,Repeated,Y,Dreissena.polymorpha,Dreissena,Myida,non.native,na,na,na,6.8,na,na,na,na,na,na,na,na,na,na,na,na,na,na,na,na,na,na,12,111,7.35,3,6,39.2,0.2,0.12,5314.1,0.008997663,3.90467353
P1435,P1435.1,P1435.1.4,P1435.1,1,1.1,organisms,macrofauna.habitat,,Hexagenia.spp..survival.rate.system,1,USA,USA,NorthAm,Meso,Lake,LakeMeso,Independent,N,Dreissena.bugensis,Dreissena,Myida,non.native,na,na,1,0.04,na,na,na,na,na,na,na,na,na,na,na,na,na,na,6000,na,anova,N,18,0.03,0.02,0.01,18,0.33,0.14,0.08,1435.1,-2.116566176,0.306227373
P1977,P1977.1,na,P1977.1,1,1.1,organisms,macrofauna.habitat,,number.of.fish.detections,1,USA,USA,NorthAm,Field,River,RiverField,Independent,N,Several,Several,Unionida,native,na,na,na,0.55,0.2,0.01,na,na,na,na,na,na,na,na,na,na,na,na,40,na,glm,Y,20,4.2,3.8,0.85,10,2,2.18,0.69,na,0.636037488,0.148743856
P4440,P4440.5,P4440.5.2,P4440.3,1,1.1,organisms,macrofauna.habitat,,Invertebrate.density.system,1,USA,USA,NorthAm,Field,River,RiverField,Repeated,Y,Amblema.plicata,Amblema,Unionida,native,na,0.25,na,na,0.15,na,na,na,na,na,na,na,4.02,na,na,na,10,na,40,na,na,na,10,100,156.52,70,10,410,89.44,40,4440.3,-0.42765241,0.30672114
P4440,P4440.5,P4440.5.1,P4440.2,1,1.1,organisms,macrofauna.habitat,,Invertebrate.density.system,1,USA,USA,NorthAm,Field,River,RiverField,Repeated,Y,Ortmanniana.ligamentina,Ortmanniana,Unionida,native,na,0.25,na,na,0.15,na,na,na,na,na,na,na,7.79,na,na,na,10,na,40,na,na,na,10,125,134.16,60,10,410,178.89,80,4440.2,-0.071498215,0.279811251
P4440,P4440.3,"P4440.3,1",P4440.1,1,1.1,organisms,macrofauna.habitat,,Invertebrate.density.system,1,USA,USA,NorthAm,Field,River,RiverField,Independent,Y,Several,Several,Unionida,native,na,0.25,na,na,0.15,na,na,na,na,na,na,na,5.91,na,na,na,10,na,40,na,anova,Y,15,230,134.16,60,30,3.1,1.6,0.51,4440.1,2.83933722,0.268007495
P2718,P2718.1,na,P2718.1,1,1.1,organisms,macrofauna.habitat,,Lamprey.larval.growth.rate,1,USA,USA,NorthAm,Meso,River,RiverMeso,Independent,N,Margaritifera.falcata,Margaritifera,Unionida,native,na,na,na,0.5,0.15,na,na,na,na,na,na,na,na,na,na,na,5,na,96,6.87,mixed.model,Y,5,0.08,0.04,0.02,5,0.04,0.04,0.02,na,0.903225806,0.367117586
P1993,P1993.2,P1993.2.5,P1993.2,1,1.1,organisms,macrofauna.habitat,,Invertebrate.abundance.system,1,USA,USA,NorthAm,Meso,River,RiverMeso,Independent,N,Margaritifera.falcata,Margaritifera,Unionida,native,na,0.5,na,0.5,na,na,na,na,na,na,na,na,na,na,na,na,40,na,80,na,monte.carlo,Y,96,1.38,0.44,0.22,96,0.64,0.48,0.24,1993.2,-0.090616836,0.112467727
P2409,P2409.1,P2409.1.1,P2409.1,1,1.2,organisms,zooplankton,,Amphipod.activity.system,-1,USA,USA,NorthAm,Lab,Lab,Lab,Independent,N,Dreissena.polymorpha,Dreissena,Myida,non.native,na,na,240,na,na,na,na,na,na,na,na,na,na,na,na,na,na,na,4356,na,anova,Y,18,0.24,0.02,0.01,30,0.21,0.02,0.01,2409.1,0.441427541,0.226302637
P5030,P5030.1,na,P5030.1,1,1.2,organisms,zooplankton,,Cladocera.density.system,-1,USA,USA,NorthAm,Lab,Lab,Lab,Repeated,Y,Dreissena.bugensis,Dreissena,Myida,non.native,na,1.13,946,na,na,na,na,na,na,na,20,na,na,na,na,na,5319,5.62,4707,na,na,na,9,1,0.87,0.5,9,14,6.93,4,5030.1,-2.258667689,0.430325487
P330,P330.4,P330.4.1,P330.4,1,1.2,organisms,zooplankton,,Copepoda.concentration.system,-1,USA,USA,NorthAm,Lab,Lab,Lab,Repeated,N,Corbicula.fluminea,Corbicula,Venerida,non.native,na,na,37,na,0.04,0.1,na,0.17,na,na,na,na,na,na,na,na,na,na,296.75,2.2,duncan,Y,3,123.7,33.2,2.99,9,459,438,146,na,-0.789479145,0.404668113
P2869,P2869.1,P2869.1.2,P2869.1,1,1.2,organisms,zooplankton,,Density.of.zooplankton.system,-1,Canada,Canada,NorthAm,Lab,Lab,Lab,Repeated,N,Dreissena.polymorpha,Dreissena,Myida,non.native,na,na,3,na,na,na,na,na,na,na,20,na,na,na,na,na,3,1,na,2.25,anova,Y,32,849.06,81.7,47.17,164,22.58,0,0,2869.1,-5.637544994,4.901144107
P2307,P2307.1,P2307.1.1,P2307.1,1,1.2,organisms,zooplankton,,Zoobento.density.system,-1,USA,USA,NorthAm,Field,Lake,LakeField,Repeated,N,Several,Several,Myida,non.native,na,na,na,na,na,0,na,na,na,na,na,na,na,na,na,na,na,na,na,na,t.test,Y,1169,3000,1900,34.69,1169,2800,400,11.7,na,0.145624634,0.001714301
P2061,P2061.3,P2061.3.2,P2061.3,1,1.2,organisms,zooplankton,,Zooplancton.concentration.system,-1,USA,USA,NorthAm,Field,Lake,LakeField,Repeated,N,Dreissena.polymorpha,Dreissena,Myida,non.native,207000000,na,na,6.8,na,na,na,na,na,na,na,na,na,na,na,na,na,na,na,0.63,anova,Y,30,65.5,15.43,6.3,20,39.7,16.8,8.4,2061.3,1.105641784,0.266062072
P3327,P3327.1,P3327.1.2,P3327.2,1,1.2,organisms,zooplankton,,Zooplankton.density.system,-1,USA,USA,NorthAm,Field,Lake,LakeField,Repeated,Y,Dreissena.bugensis,Dreissena,Myida,non.native,58026000000,na,na,40.5,na,na,na,na,na,na,na,na,na,na,na,na,na,na,na,na,anova,Y,131,23,93.67,15,12,149.5,20.2,11.66,3327.2,0.257291547,0.164865333
P5212,P5212.4,P5212.4.1,P5212.4,1,1.2,organisms,zooplankton,,Feed.energy.content.FB,1,USA,USA,NorthAm,Field,Lake,LakeField,Repeated,N,Dreissena.polymorpha,Dreissena,Myida,non.native,590000,na,na,6.2,na,na,na,na,na,na,na,na,na,na,na,na,na,na,4460,na,na,na,11,9.12,1.84,0.61,3,10,0,0,na,-0.490467563,0.380403656
P4651,P4651.2,na,P4651.2,1,1.2,organisms,zooplankton,,Zooplankton.biomass.system,-1,USA,USA,NorthAm,Meso,Lake,LakeMeso,Independent,N,Dreissena.polymorpha,Dreissena,Myida,non.native,1500,3.24,na,1,0.08,na,na,0.05,na,11,19.4,9.25,na,na,na,na,na,na,8000,1.8,anova,Y,15,20.9,3.81,2.2,15,0.21,0.17,0.1,4651.2,2.269869436,0.612408949
P330,P330.3,P330.3.1,P330.3,1,1.2,organisms,zooplankton,,Zooplankton.concentration.FB,1,USA,USA,NorthAm,Lab,na,Lab,Repeated,N,Corbicula.fluminea,Corbicula,Venerida,non.native,na,na,37,na,0.04,0.1,na,0.17,na,na,na,na,na,na,na,na,na,na,296.75,2.2,duncan,Y,3,7.5,6.3,3.6373,9,478,324,108,na,-1.498604366,0.472273852
P2103,P2103.2,P2103.2.1,P2103.2,1,1.2,organisms,zooplankton,,Zooplankton.growth.rate.system,-1,USA,USA,NorthAm,Meso,River,RiverMeso,Independent,N,Dreissena.polymorpha,Dreissena,Myida,non.native,na,1.77,3500,1.3,na,na,na,na,na,na,na,na,na,0.01,na,na,2500,na,na,1.85,na,na,20,0.08,0.02,0.07,20,0.28,0.02,0.01,2103.2,-1.440023262,0.550032063
P2815,P2815.1,P2815.1.5,P2815.1,1,1.3,organisms,algae,,Algae.concentration.system,-1,USA,USA,NorthAm,Field,Lake,LakeField,Repeated,N,Dreissena.polymorpha,Dreissena,Myida,non.native,na,na,na,2.5,na,na,na,na,na,na,na,na,na,na,na,na,na,na,71617,na,na,na,18,4.458,4.738,2.369,20,0.008,0.007,0.0031,2815.1,-0.755933375,0.172097617
P2061,P2061.2,P2061.2.6,P2061.1,1,1.3,organisms,algae,,Algae.concentration.system,-1,USA,USA,NorthAm,Field,Lake,LakeField,Repeated,N,Dreissena.polymorpha,Dreissena,Myida,non.native,207000000,na,na,6.8,na,na,na,na,na,na,na,na,na,na,na,na,na,na,na,0.625,anova,Y,30,1.15,0.8573,0.35,20,0.75,0.2,0.1,2061.1,1.100386475,0.174061784
P2389,P2389.1,na,P2389.1,1,1.3,organisms,algae,,Chl.concentration.system,-1,USA,USA,NorthAm,Field,Lake,LakeField,Independent,N,Dreissena.polymorpha,Dreissena,Myida,non.native,na,na,na,5.55,na,na,na,0.0105,na,na,na,na,na,na,na,na,na,na,na,na,t.test,Y,80,3.2,1.1,0.246,76,4.6,1.8,0.4129,2389.1,0.084758243,0.047475616
P1979,P1079.2,na,P1079.2,1,1.3,organisms,algae,,Chl.concentration.system,-1,USA,USA,NorthAm,Field,Lake,LakeField,Repeated,N,Dreissena.polymorpha,Dreissena,Myida,non.native,206700000,na,na,na,na,na,na,na,na,na,na,na,na,na,na,na,na,na,na,na,mann.whitney,Y,3,1.7,0.7,0.4041,17,5.4,2.3,0.5578,na,1.62480381,0.425716673
P268,P268.1,P268.1.1,P268.1,1,1.3,organisms,algae,,Chl.concentration.system,-1,Canada,Canada,NorthAm,Field,Lake,LakeField,Repeated,N,Dreissena.polymorpha,Dreissena,Myida,non.native,722000000,na,na,14.2,na,na,na,na,na,na,na,na,na,na,na,na,na,na,na,na,anova,Y,39,0.78,0.2163,0.06,42,1.85,1.1225,0.3,268.1,1.774092761,0.101693998
P1188,P1188.2,P1188.2.1,P1188.1,1,1.3,organisms,algae,,Chl.concentration.system,-1,Canada,Canada,NorthAm,Field,Lake,LakeField,Repeated,Y,Several,Several,Myida,non.native,na,na,na,na,na,0,na,11.12,na,na,na,na,na,na,na,na,na,na,na,na,na,na,95,22.2859,0.2338,0.024,95,23.3379,0.2419,0.0248,na,4.40464889,0.071939855
P2000,P2000.2,P2000.2,P2000.2,1,1.3,organisms,algae,,Chl.concentration.system,-1,USA,USA,NorthAm,Field,Lake,LakeField,Repeated,Y,Several,Several,Myida,non.native,na,na,na,9.5,na,0.0049,na,na,na,na,25,8.3,na,na,na,na,na,na,na,na,na,na,15,1.2578,1.2697,0.3278,1,7.8222,0,0,na,4.888037976,1.700130186
P3147,P3147.2,P3147.2.3,P3147.2,1,1.3,organisms,algae,,Chl.concentration.system,-1,USA,USA,NorthAm,Field,Lake,LakeField,Repeated,Y,Dreissena.bugensis,Dreissena,Myida,non.native,na,na,na,85,na,0.0009,na,0.0029,na,na,na,na,na,na,na,na,na,na,na,na,mann.whitney,N,5,0.81,0.32,0.1431,2,6.08,1.65,1.1667,na,5.607176016,2.742143383
P1957,P1957.1,P1957.1.,P1957.1,1,1.3,organisms,algae,,Diatom.concentration.system,-1,USA,USA,NorthAm,Field,Lake,LakeField,Repeated,N,Dreissena.polymorpha,Dreissena,Myida,non.native,na,na,na,na,na,na,na,na,na,na,na,na,na,na,na,na,na,na,na,na,t.test,Y,3,593,19,11,8,4990,1157,409,na,3.939676345,1.088631511
P2364,P2364.1,P2364.1,P2364.1,1,1.3,organisms,algae,,Chl.concentration.system,-1,USA,USA,NorthAm,Field,Lake,LakeField,Independent,Y,Dreissena.spp,Dreissena,Myida,non.native,na,na,na,5.28,na,0,na,0.01,na,na,na,na,na,na,na,na,na,na,na,na,t.test,Y,100,4.23,1.85,0.37,100,3.33,1.15,0.23,2364.1,0.654989889,0.035891145
P2000,P2000.2,P2000.2.2,P2000.2,1,1.3,organisms,algae,,Diatom.density.system,-1,USA,USA,NorthAm,Field,Lake,LakeField,Repeated,Y,Several,Several,Myida,non.native,na,na,na,9.5,na,0,na,na,na,na,25,8.3,na,na,na,na,na,na,na,na,na,na,93,727.45,698.5,25.9,6,654.93,0,0,2000.2,-3.809831994,0.758776705
P2584,P2584.1,P2584.1.4,P2584.1,1,1.3,organisms,algae,,Chl.concentration.system,-1,USA,USA,NorthAm,Lab,Lake,LakeLab,Independent,N,Several,Several,Several,non.native,na,na,na,na,na,na,na,na,na,na,na,na,na,na,na,na,na,na,na,na,na,na,38,298.28,40.1303,6.51,118,173.93,21.291,1.96,na,-4.575815752,0.101561038
P2585,P2585.1,P2585.1.2,P2585.1,1,1.3,organisms,algae,,Filtration.rate.system,1,USA,USA,NorthAm,Lab,Lake,LakeLab,Repeated,N,Several,Several,Several,non.native,na,na,na,na,na,na,na,na,na,na,na,na,na,na,na,na,na,na,na,na,na,na,38,1.09,2.2808,0.37,118,0.33,0.5431,0.05,na,0.622946681,0.035695566
P1424,P1424.1,P1424.1.1,P1424.1,1,1.3,organisms,algae,,Algae.density.system,-1,USA,USA,NorthAm,Meso,Lake,LakeMeso,Repeated,Y,Dreissena.polymorpha,Dreissena,Myida,non.native,na,0.0116,na,na,na,na,na,na,na,na,23.8,na,na,na,na,na,8,na,685.87,na,friedman,Y,30,3.1,3.29,0.6,30,0.6,0.3,0.0548,na,-1.056291802,0.074244246
P3070,P3070.2,P3070.2.1.,P3070.1,1,1.3,organisms,algae,,Chl.concentration.system,-1,USA,USA,NorthAm,Meso,Lake,LakeMeso,Independent,N,Elliptio.complanata,Elliptio,Unionida,native,na,500,na,na,na,0.000275,na,1.695,na,11.735,24.15,7.535,na,na,na,na,75,na,na,na,t.test,Y,48,1.3756,0.5124,0.1281,48,0.07,0.08,0.02,3070.1,-2.312403135,0.10581811
P5051,P5051.2,P5051.2.1,P5051.1,1,1.3,organisms,algae,,Chl.concentration.system,-1,USA,USA,NorthAm,Meso,Lake,LakeMeso,Repeated,N,Dreissena.polymorpha,Dreissena,Myida,non.native,2827,1,na,1.8,na,0.00267,na,0.0137,na,5.5,25.7,7.5,na,1.2,na,na,162,na,0.229,1.22,anova,Y,4,0.59,0.2125,0.1063,1,0.38,0,0,na,-0.718716578,0.712812377
P2117,P2117.1,P2117.1.1,P2117.1,1,1.3,organisms,algae,,Chl.concentration.system,-1,USA,USA,NorthAm,Meso,Lake,LakeMeso,Repeated,N,Dreissena.polymorpha,Dreissena,Myida,non.native,na,na,4,na,0,0.016,na,na,na,na,18,na,na,na,na,na,na,na,600,2.2,duncan,Y,24,0.9232,0.3046,0.1243,24,6.9852,4.0834,1.667,2117.1,2.046177345,0.200733443
P4489,P4489.1,P4489.1.2,P4489.1,1,1.3,organisms,algae,,Chl.concentration.system,-1,USA,USA,NorthAm,Meso,Lake,LakeMeso,Independent,Y,Dreissena.polymorpha,Dreissena,Myida,non.native,na,0.02,na,4,na,na,na,na,na,na,na,na,na,na,na,na,0.01,na,4255,2.35,anova,Y,10,700,503.12,225,10,90,145.34,65,4489.1,0.922770251,0.240099443
P898,P898.1,P898.1.1,P898.1,1,1.3,organisms,algae,,Phytoplankton.abundance.system,-1,USA,USA,NorthAm,Meso,Lake,LakeMeso,Independent,N,Several,Several,Several,non.native,1404000000,na,570,na,0.08,na,0.13,0.00456,na,6.8,na,7.7,na,na,na,na,na,na,152,1,na,na,4,5.7546,2.8381,1.4191,4,3.4903,2.0201,1.0101,na,0.79931915,0.418003778
P3162,P3162.5,na,P3162.1,1,1.3,organisms,algae,,Phytoplankton.concentration.system,-1,USA,USA,NorthAm,Meso,Lake,LakeMeso,Independent,N,Dreissena.polymorpha,Dreissena,Myida,non.native,na,na,200,na,na,na,na,na,na,na,20,na,na,na,na,na,50,0.25,na,na,anova,Y,8,0.02,0.06,0.03,8,0.21,0.2,0.1,3162.1,-1.19142894,0.291933613
P4133,P4133.1,na,P4133.1,1,1.3,organisms,algae,,Microcystin.concentration.FB,1,USA,USA,NorthAm,Meso,Lake,LakeMeso,Repeated,Y,Dreissena.polymorpha,Dreissena,Myida,non.native,na,3.15,25000,12,na,na,na,0.015,na,na,na,na,na,na,na,na,na,0.42,3333.33,1.8,anova,Y,5,21.8,13.42,6,5,7,4.4721,2,na,1.336453221,0.415632104
P1229,P1229.1,P1229.1.1,P1229.1,1,1.3,organisms,algae,,Algae.biomass.system,-1,USA,USA,NorthAm,Lab,na,Lab,Repeated,N,Dreissena.polymorpha,Dreissena,Myida,non.native,na,na,18,na,na,na,0.568,0.025,na,na,23,na,na,na,na,na,9,0.5,na,na,na,na,12,500,5,2.8868,12,1500,50,28.8675,1229.1,13.09808615,11.43297013
P1865,p1865.1,P1865.1.3,P1865.1,1,1.3,organisms,algae,,Algae.concentration.system,-1,USA,USA,NorthAm,Lab,na,Lab,Repeated,N,Elliptio.complanata,Elliptio,Unionida,native,na,na,10,na,na,na,na,na,na,na,21.5,na,na,na,na,123,11,1.13,na,10.4,na,na,9,1.6,0.3,0.1,9,8.2,0.3,0.1,na,20.95238095,12.39606954
P3098,P3098.1,P3098.1.1,P3098.1,1,1.3,organisms,algae,,Chl.concentration.system,-1,Canada,Canada,NorthAm,Lab,na,Lab,Repeated,N,Dreissena.polymorpha,Dreissena,Myida,non.native,na,na,40,na,na,na,na,0.05,na,na,21.5,na,na,na,na,na,10,0.25,na,2.25,anova,Y,6,16,1.72,1.2162,3,0,0,0,3098.1,0,0
P330,P330.2,P330.2.1,P330.2,1,1.3,organisms,algae,,Chl.concentration.system,-1,USA,USA,NorthAm,Lab,na,Lab,Repeated,N,Corbicula.fluminea,Corbicula,Venerida,non.native,na,na,37,na,0.04,0.1039,na,0.174,na,na,na,na,na,na,na,na,na,na,296.75,2.2,duncan,Y,3,1.1,0.7,0.4041,9,551,513,171,na,1.106264952,0.429690814
P2119,P2119.1,na,P2119.1,1,1.3,organisms,algae,,Chl.concentration.system,-1,USA,USA,NorthAm,Lab,na,Lab,Independent,N,Dreissena.polymorpha,Dreissena,Myida,non.native,na,na,4,na,0.08,na,na,na,na,na,18,na,na,na,na,na,23,5.75,na,2.1,anova,Y,3,2,0.0866,0.05,3,38,6.9282,4,na,5.878318924,3.306219448
P4471,P4471.1,P4471.1.3,P4471.1,1,1.3,organisms,algae,,Chl.density.system,-1,USA,USA,NorthAm,Lab,na,Lab,Repeated,Y,Dreissena.spp,Dreissena,Myida,non.native,225,na,na,3,na,na,na,na,na,na,na,na,na,na,na,na,30800,na,na,na,na,na,12,5.9,2.771,0.8,5,0.05,0.0224,0.01,na,-2.339911774,0.416287237
P4798,P4798.1,P4798.1.5,P4798.4,1,1.3,organisms,algae,,Clearance.rate.flux.system,1,Canada,Canada,NorthAm,Lab,na,Lab,Independent,Y,Strophitus.undulatus,Strophitus,Unionida,native,na,0.29,12,0.035,0.145,na,na,na,na,10.55,18,9.31,na,na,na,na,10,0.833333333,na,5.55,na,na,6,0.1411,0.0452,0.0261,10,5.5085,3.178,1.0593,4798.4,0.12468198,0.444967319
P4798,P4798.1,P4798.1.2,P4798.2,1,1.3,organisms,algae,,Clearance.rate.flux.system,1,Canada,Canada,NorthAm,Lab,na,Lab,Independent,Y,Elliptio.dilatata,Elliptio,Unionida,native,na,0.29,12,0.035,0.145,na,na,na,na,13.21,18,9.85,na,na,na,na,30,2.5,na,5.2,na,na,12,0.6723,0.198,0.1143,38,175,675,225,4798.2,0.220779783,0.304818857
P4798,P4798.1,P4798.1.4,P4798.3,1,1.3,organisms,algae,,Clearance.rate.flux.system,1,Canada,Canada,NorthAm,Lab,na,Lab,Independent,Y,Fusconaia.flava,Fusconaia,Unionida,native,na,0.29,12,0.035,0.145,na,na,na,na,10.55,18,9.31,na,na,na,na,34,2.833333333,na,4.64,na,na,6,0.1769,0.0229,0.0132,10,408.3333,437.5,145.8333,4798.3,0.664330267,0.461636457
P4798,P4798.1,P4798.1.1,P4798.1,1,1.3,organisms,algae,,Clearance.rate.flux.system,1,Canada,Canada,NorthAm,Lab,na,Lab,Independent,Y,Elliptio.complanata,Elliptio,Unionida,native,na,0.29,12,0.035,0.145,na,na,na,na,11.39,18,7.45,na,na,na,na,34,2.833333333,na,4.64,na,na,6,0.3435,0.1237,0.0714,2,0,0,0,4798.1,1.524284472,0.45388422
P1087,P1087.1,P1087.1.5,P1087.1,1,1.3,organisms,algae,,Algae.content.removal.system,1,USA,USA,NorthAm,Lab,na,Lab,Repeated,N,Dreissena.bugensis,Dreissena,Myida,non.native,na,na,19,na,na,0.00037,na,na,na,na,6,na,na,na,na,na,15,0.789,na,2.22,na,na,8,62.5,19.8,9.9,6,0,0,0,1087.1,2.130375926,0.524653587
P311,P311.1,na,P311.1,1,1.3,organisms,algae,,Chl.clearance.rate.FB,1,USA,USA,NorthAm,Lab,na,Lab,Repeated,Y,Dreissena.polymorpha,Dreissena,Myida,non.native,na,na,19,na,na,na,na,na,na,na,na,na,na,na,na,na,212,11.15789474,na,1.15,na,na,6,58,3,1.2247,6,0,0,0,na,25.23827281,26.82445759
P3071,P3071.1,P3071.1.1,P3071.1,1,1.3,organisms,algae,,Clearance.rate,1,USA,USA,NorthAm,Lab,na,Lab,Independent,N,Elliptio.complanata,Elliptio,Unionida,native,na,na,2,na,na,na,na,na,na,8.9,18.2,7.95,na,na,na,na,6,0.5,na,7.6,na,na,18,0.0814,0.1047,0.0604,92,0.96,0.64,0.1595,3071.1,-0.160928702,0.151638376
P245,P245.10,na,P245.1,1,1.3,organisms,algae,,Clearance.rate,1,USA,USA,NorthAm,Lab,na,Lab,Repeated,N,Dreissena.polymorpha,Dreissena,Myida,non.native,na,na,0.2,na,na,na,na,na,na,na,16,na,na,na,na,na,na,na,na,na,na,na,120,95.52,35.3859,11.19,24,11.19,3.1678,2.24,245.1,-0.098845594,0.195274142
P1978,P1978.1,P1978.1.1,P1978.1,1,1.3,organisms,algae,,Clearance.rate,1,USA,USA,NorthAm,Lab,na,Lab,Independent,N,Dreissena.polymorpha,Dreissena,Myida,non.native,na,na,4,0.14,na,na,na,na,na,na,17,na,na,na,na,na,40,10,na,1,na,na,18,58,5.1962,3,6,0,0,0,1978.1,3.670157405,0.829580254
P4803,P4803.3,P4803.3.3,P4803.2,1,1.3,organisms,algae,,Clearance.rate.system,1,USA,USA,NorthAm,Lab,na,Lab,Repeated,N,Dreissena.bugensis,Dreissena,Myida,non.native,na,na,na,na,na,0.00349,na,na,na,na,1,na,na,na,18.06,na,4.5,na,na,2.09,na,na,44,35.18,6.76,3.38,21,0,0,0,4803.2,7.796879499,2.017146178
P4803,P4803.2,P4803.2.1,P4803.1,1,1.3,organisms,algae,,Clearance.rate.system,1,USA,USA,NorthAm,Lab,na,Lab,Repeated,N,Dreissena.polymorpha,Dreissena,Myida,non.native,na,na,na,na,na,0.0022,na,na,na,na,3,na,na,na,12.4,na,4.5,na,na,1.7,na,na,4,32.21,1,0.5,2,0,0,0,na,29.75432347,74.25664711
P1865,p1865.1,P1865.1.2,P1865.2,1,1.3,organisms,algae,,Cyanobacteria.removal.rate.system,1,USA,USA,NorthAm,Lab,na,Lab,Repeated,N,Elliptio.complanata,Elliptio,Unionida,native,na,na,10,na,na,na,na,na,na,na,21.5,na,na,na,na,123,11,1.13,na,10.4,na,na,9,2.7,0.3,0.1,9,10,0.3,0.1,na,-23.17460317,15.11995745
P3391,P3391.1,na,P3391.1,1,1.3,organisms,algae,,Algae.concentration.system,-1,USA,USA,NorthAm,Meso,na,Meso,Independent,N,Fusconaia.cerina,Fusconaia,Unionida,native,na,na,164,0.4,na,0,0.00364,na,na,na,22.5,na,na,8,na,na,8,0.048,30,na,tukey,Y,18,88.1,25.9646,10.6,18,36.2,9.2836,3.79,3391.1,-1.574577029,0.200587946
P4440,P4440.4,P4440.4.1,P4440.2,1,1.3,organisms,algae,,Chl.concentration.FB,1,USA,USA,NorthAm,Field,River,RiverField,Repeated,Y,Ortmanniana.ligamentina,Ortmanniana,Unionida,native,na,0.25,na,na,0.15,na,na,na,na,na,na,na,7.79,na,na,na,10,na,40,na,na,na,10,0.082,0.038,0.017,10,0.0008,0,0,4440.2,-2.448339045,0.393276995
P4440,P4440.4,P4440.4.2,P4440.3,1,1.3,organisms,algae,,Chl.concentration.FB,1,USA,USA,NorthAm,Field,River,RiverField,Repeated,Y,Amblema.plicata,Amblema,Unionida,native,na,0.25,na,na,0.15,na,na,na,na,na,na,na,4.02,na,na,na,10,na,40,na,na,na,10,0.105,0.0447,0.02,10,0.008,0.0011,0.0005,4440.3,-2.398943888,0.387316598
P4440,P4440.2,"P4440.2,1",P4440.1,1,1.3,organisms,algae,,Chl.concentration.system,-1,USA,USA,NorthAm,Field,River,RiverField,Repeated,Y,Several,Several,Unionida,native,na,0.25,na,na,0.15,na,na,na,na,na,na,na,5.91,na,na,na,10,na,40,na,anova,N,10,0.022,0.0089,0.004,20,15.2,4,1.2649,4440.1,2.608530693,0.357124985
P1242,P1242.1,P1242.1.1,P1242.1,1,1.3,organisms,algae,,Chl.concentration.system,-1,USA,USA,NorthAm,Field,River,RiverField,Repeated,N,Dreissena.polymorpha,Dreissena,Myida,non.native,2250000000,na,na,na,na,0.05,na,0.08,na,8.7,na,8.1,na,na,na,na,na,na,na,na,manova,Y,9,4,1,0.3333,13,46,11,3.0509,na,4.72905496,0.682296107
P707,P707.1,P707.1,P707.1,1,1.3,organisms,algae,,Chl.concentration.system,-1,USA,USA,NorthAm,Field,River,RiverField,Repeated,N,Dreissena.polymorpha,Dreissena,Myida,non.native,34000000000,na,na,7,na,na,na,na,na,na,22,na,na,na,na,na,na,na,na,na,na,na,63,4.4679,2.902,0.3656,16,138,22,5.5,na,13.15275545,1.171753691
P3963,P3963.3,P3963.3.1,P3963.2,1,1.3,organisms,algae,,Algae.content.system,-1,USA,USA,NorthAm,Meso,River,RiverMeso,Independent,N,Dreissena.polymorpha,Dreissena,Myida,non.native,na,na,36.7,1.05,na,na,na,na,na,na,na,na,na,na,na,na,na,na,3800,1.7,t.test,Y,4,2.3,0.6,0.3,3,0,0,0,na,-4.167420677,1.654193964
P2103,P2103.1,P2103.1,P2103.1,1,1.3,organisms,algae,,Algae.density.system,-1,USA,USA,NorthAm,Meso,River,RiverMeso,Independent,N,Dreissena.polymorpha,Dreissena,Myida,non.native,na,1.77,3500,1.3,na,na,na,na,na,na,na,na,na,0.00912,na,na,2500,na,na,1.85,na,na,5,11055.2614,1805.007,807.2237,5,19729.065,2021.608,904.0906,na,4.088147174,1.161974109
P4831,P4831.7,na,P4831.3,1,1.3,organisms,algae,,Chlorophyll.concentration.system,-1,USA,USA,NorthAm,Meso,River,RiverMeso,Independent,N,Fusconaia.flava,Fusconaia,Unionida,native,na,0.25,na,0.61,na,na,na,na,na,na,17,na,na,na,na,na,8,na,32,na,na,na,10,0.025,0.0022,0.001,10,0.015,0.0022,0.001,4831.3,-2.45601173,0.462953366
P4831,P4831.6,na,P4831.2,1,1.3,organisms,algae,,Chlorophyll.concentration.system,-1,USA,USA,NorthAm,Meso,River,RiverMeso,Independent,N,Amblema.plicata,Amblema,Unionida,native,na,0.25,na,0.61,na,na,na,na,na,na,17,na,na,na,na,na,8,na,32,na,na,na,10,0.02,0.0022,0.001,10,0.015,0.0022,0.001,4831.2,-1.429618768,0.27884021
P4831,P4831.5,na,P4831.1,1,1.3,organisms,algae,,Chlorophyll.concentration.system,-1,USA,USA,NorthAm,Meso,River,RiverMeso,Independent,N,Ortmanniana.ligamentina,Ortmanniana,Unionida,native,na,0.25,na,0.61,na,na,na,na,na,na,17,na,na,na,na,na,8,na,32,na,na,na,10,0.017,0.0022,0.001,10,0.015,0.0022,0.001,4831.1,-1.12108513,0.245862283
P4831,P4831.8,na,P4831.4,1,1.3,organisms,algae,,Chlorophyll.concentration.system,-1,USA,USA,NorthAm,Meso,River,RiverMeso,Independent,N,Obliquaria.reflexa,Obliquaria,Unionida,native,na,0.25,na,0.61,na,na,na,na,na,na,17,na,na,na,na,na,8,na,32,na,na,na,10,0.03,0.0335,0.015,10,0.015,0.0022,0.001,4831.4,-1.077782992,0.247817364
P1087,P1087.2,P1087.2.1,P1087.2,1,1.4,organisms,bacteria,,Ciliate.content.removal.system,1,USA,USA,NorthAm,Lab,Lab,Lab,Repeated,N,Dreissena.bugensis,Dreissena,Myida,non.native,na,na,19,na,na,0,na,na,na,na,6,na,na,na,na,na,15,0.79,na,2.22,na,na,8,51.4,83.3,11.62,6,0,0,0,1087.2,-1.242908762,0.340928665
P453,P453.2,na,P453.1,1,1.4,organisms,bacteria,,Amoebae.density.FB,1,USA,USA,NorthAm,Field,Lake,LakeField,Independent,N,Dreissena.polymorpha,Dreissena,Myida,non.native,950000,na,na,4.3,9.1,16.8,na,0.07,na,6.89,1,7.9,na,na,na,na,na,na,na,na,anova,N,24,2.2,1.15,0.78,22,2.76,1.63,0.49,453.1,-0.045845347,0.102769506
P2780,P2780.1,P2780.1.1,P2780.1,1,1.4,organisms,bacteria,,Bacteria.concentration.FB,1,USA,USA,NorthAm,Field,Lake,LakeField,Independent,Y,Dreissena.spp,Dreissena,Myida,non.native,na,na,na,1.5,na,na,na,na,na,na,na,na,na,na,na,na,na,na,na,na,na,na,6,7.6831,1.146,0.4679,6,6.3459,0.4093,0.1671,na,1.434481085,0.369762668
P2780,P2780.1,P2780.1.3,P2780.2,1,1.4,organisms,bacteria,,Bacteria.density.system,-1,USA,USA,NorthAm,Field,Lake,LakeField,Independent,Y,Dreissena.spp,Dreissena,Myida,non.native,na,na,na,1.5,na,na,na,na,na,na,na,na,na,na,na,na,na,na,na,na,na,na,12,0.8067,0.6386,0.2607,12,0.515,0.5735,0.2341,2780.2,-0.569889589,0.186379931
P2584,P2584.1,P2584.1.1,P2584.1,1,1.4,organisms,bacteria,,Ciliates.abundance.system,-1,USA,USA,NorthAm,Lab,Lake,LakeLab,Independent,N,Several,Several,Several,non.native,na,na,na,na,na,na,na,na,na,na,na,na,na,na,na,na,na,na,na,na,na,na,114,23.84,20.5891,3.34,354,43.33,66.9147,6.16,2584.1,0.713299487,0.021683897
P960,P960.1,P960.1,P960.1,1,1.4,organisms,bacteria,,Bacteria.abundance.system,-1,USA,USA,NorthAm,Meso,Lake,LakeMeso,Independent,N,Dreissena.polymorpha,Dreissena,Myida,non.native,na,0.8,1600,2,na,na,na,na,na,na,22.5,na,na,16.1,na,na,2928,1.464,1.464,1.25,anova,Y,2,1.9207,0.2852,0.2017,2,2.4024,0.388,0.2744,na,0.808386594,0.408216723
P4214,P4214.1,na,P4214.1,1,1.4,organisms,bacteria,,Bacteria.concentration.FB,1,USA,USA,NorthAm,Lab,na,Lab,Repeated,N,Dreissena.polymorpha,Dreissena,Myida,non.native,na,na,38,na,na,na,na,na,na,na,18,na,1,na,na,na,na,na,na,0.2,na,na,238,1700,370,23.9835,238,0,0,0,na,6.487451333,0.052585835
P1087,P1087.3,P1087.3.1,P1087.2,1,1.4,organisms,bacteria,,Bacteria.content.removal.system,1,USA,USA,NorthAm,Lab,na,Lab,Repeated,N,Dreissena.bugensis,Dreissena,Myida,non.native,na,na,19,na,na,0.00037,na,na,na,na,6,na,na,na,na,na,15,0.789,na,2.22,na,na,4,14.4,11.2,5.6,3,0,0,0,na,1.397768426,0.553219784
P2084,P2084.1,P2084.1.1,P2084.1,1,1.4,organisms,bacteria,,Bacteria.formation.system,-1,USA,USA,NorthAm,Lab,na,Lab,Repeated,N,Anodonta.californiensis,Anodonta,Unionida,native,na,na,0.2,na,na,na,na,na,na,na,15,na,na,na,na,na,1,5,na,4.3,anova,Y,15,0.3,0.17,0.04,4,2.61,0.47,0.27,na,8.806398971,2.329802891
P2084,P2084.2,P2084.2.1,P2084.2,1,1.4,organisms,bacteria,,Bacteria.formation.system,-1,USA,USA,NorthAm,Lab,na,Lab,Repeated,N,Corbicula.fluminea,Corbicula,Venerida,non.native,na,na,0.2,na,na,na,na,na,na,na,15,na,na,na,na,na,1,5,na,1.6,anova,Y,15,0.17,0.2,0.05,4,2.2,0.76,0.38,na,5.280105296,1.02261471
P4299,P4299.5,na,P4299.1,1,1.4,organisms,bacteria,,Clearance.rate,1,USA,USA,NorthAm,Lab,na,Lab,Repeated,Y,Lampsilis.ovata,Lampsilis,Unionida,native,na,na,0.2,na,na,na,na,na,na,na,22,na,na,na,na,na,na,na,na,na,na,na,3,5.9,2.4942,1.44,1,0,0,0,na,1.35170739,0.663763258
P4299,P4299.6,na,P4299.3,1,1.4,organisms,bacteria,,Clearance.rate,1,USA,USA,NorthAm,Lab,na,Lab,Repeated,Y,Leaunio.lienosus,Leaunio,Unionida,native,na,na,0.2,na,na,na,na,na,na,na,22,na,na,na,na,na,na,na,na,na,na,na,3,6.56,2.2517,1.3,1,0,0,0,na,1.664773917,0.781808174
P4299,P4299.9,na,P4299.2,1,1.4,organisms,bacteria,,Clearance.rate,1,USA,USA,NorthAm,Lab,na,Lab,Repeated,Y,Cyclonaias.tuberculata,Cyclonaias,Unionida,native,na,na,0.2,na,na,na,na,na,na,na,22,na,na,na,na,na,na,na,na,na,na,na,3,19.17,3.5334,2.04,1,0,0,0,na,3.100211047,1.636787717
P1694,P1694.1,P1694.1.1,P1694.1,1,1.4,organisms,bacteria,,Human.pathogen.excretion.FB,-1,USA,USA,NorthAm,Lab,na,Lab,Repeated,N,Corbicula.fluminea,Corbicula,Venerida,non.native,na,na,38,na,na,na,na,na,na,na,na,na,na,na,na,na,200,5.263157895,na,2,na,na,300,87.6,66.6,12.1594,300,0,0,0,1694.1,-2.190235605,0.037589732
P2084,P2084.3,P2084.3.1,P2084.3,1,1.4,organisms,bacteria,,Bacteria.formation.system,-1,USA,USA,NorthAm,Field,River,RiverField,Independent,Y,Several,Several,Several,na,na,na,na,0.23,na,na,na,na,na,3.4,14.9,7.6,na,na,na,na,na,na,5.2,4.3,anova,Y,3,0.05,0.04,0.02,1,0.5,0,0,na,6.428571429,5.601190476
P463,P461.1,P463.1.1,P461.1,1,1.4,organisms,bacteria,,Nitification.genes.abundance.system,-1,USA,USA,NorthAm,Field,River,RiverField,Independent,N,Unio.spp,Unio,Unionida,native,na,na,na,na,na,na,na,na,na,na,na,na,na,na,na,na,na,na,na,na,na,na,4,5.5955,1.3241,0.6621,5,36,8,3.5777,na,4.423826979,1.442791397
P3963,P3963.2,P3963.2.1,P3963.1,1,1.4,organisms,bacteria,,Bacteria.density.system,-1,USA,USA,NorthAm,Meso,River,RiverMeso,Independent,N,Dreissena.polymorpha,Dreissena,Myida,non.native,na,na,36.7,1.05,na,na,na,na,na,na,na,na,na,na,na,na,na,na,3800,1.7,t.test,Y,4,10,2,1,4,478.0328,337.7633,168.8816,na,1.704014848,0.559550996
P3963,P2963.2,P3963.2.2,P2963.1,1,1.4,organisms,bacteria,,Bacteria.density.system,-1,USA,USA,NorthAm,Meso,River,RiverMeso,Independent,N,Dreissena.polymorpha,Dreissena,Myida,non.native,na,na,36.7,1.05,na,na,na,na,na,na,na,na,na,na,na,na,na,na,3800,1.7,t.test,N,4,4,1,0.5,4,7.655,2.339,1.1695,na,1.766938728,0.573201363
P2874,P2874.1,P2874.1.1,P2874.1,1,1.5,organisms,invasive,,FB.survival.system,-1,USA,USA,NorthAm,Lab,na,Lab,Repeated,N,Dreissena.polymorpha,Dreissena,Myida,non.native,na,na,0.05,na,na,na,na,na,na,na,20,na,na,na,na,na,1,20,na,2.25,t.test,Y,3,47,25.9808,15,3,688.6792,65.3604,37.7358,na,10.32173489,9.304850926
P3992,P3992.1,P3992.1.2,P3992.1,2,2.1,human.inputs,human.inputs,mediation.wastes,As.concentration.FB,1,USA,USA,NorthAm,Field,DisposalFacility,DisposalFacilityField,Repeated,N,Dreissena.polymorpha,Dreissena,Myida,non.native,na,na,na,na,na,na,na,na,na,na,na,na,na,na,na,na,na,na,na,na,t.test,Y,104,0.97,0.23,0.0451,16,7.262,1.787,0.8935,3992.1,-6.470697249,0.66452408
P578,P578,P578.5,P578.1,2,2.1,human.inputs,human.inputs,mediation.wastes,Ra.concentration.FB,1,USA,USA,NorthAm,Field,Lake,LakeField,Repeated,Y,Elliptio.buckleyi,Elliptio,Unionida,native,na,na,na,0.5,na,na,na,na,na,na,na,na,na,na,na,na,na,na,na,na,na,na,27,79,8.4853,6,16,0.83,0.01,0.0071,578.1,6.114702173,1.53523613
P1149,P1149.2,P1149.2.11,P1149.2,2,2.1,human.inputs,human.inputs,mediation.wastes,Biodeposition.rate.Cd.system,-1,Canada,Canada,NorthAm,Field,Lake,LakeField,Independent,N,Dreissena.polymorpha,Dreissena,Myida,non.native,na,na,na,na,na,na,na,na,na,na,na,na,na,na,na,na,400,800,na,na,t.test,Y,48,689.9,471.1,271.9897,80,45.6,7.9,3.533,1149.2,-5.241343532,0.751438629
P2000,P2000.1,P2000.1.6,P2000.1,2,2.1,human.inputs,human.inputs,mediation.wastes,Ca.concentration.system,-1,USA,USA,NorthAm,Field,Lake,LakeField,Repeated,Y,Several,Several,Myida,non.native,na,na,na,9.5,na,0,na,na,na,na,25,8.3,na,na,na,na,na,na,na,na,na,na,6,33.5,0.81,0.4677,2,38.5,0,0,2000.1,1.221796509,0.777772601
P1979,P1079.1,P1079.1.1,P1079.1,2,2.1,human.inputs,human.inputs,mediation.wastes,Clear.system.phase.duration,1,USA,USA,NorthAm,Field,Lake,LakeField,Repeated,N,Dreissena.polymorpha,Dreissena,Myida,non.native,206700000,na,na,na,na,na,na,na,na,na,na,na,na,na,na,na,na,na,na,na,mann.whitney,Y,3,13.3,1.5,0.866,17,6.1,3.1,0.7519,na,2.325593111,0.49492657
P1188,P1188.1,P1188.1.5,P1188.1,2,2.1,human.inputs,human.inputs,mediation.wastes,SiO2.concentration.system,-1,Canada,Canada,NorthAm,Field,Lake,LakeField,Repeated,Y,Several,Several,Myida,non.native,na,na,na,na,na,0,na,11.12,na,na,na,na,na,na,na,na,na,na,na,na,na,na,190,0.9,0.02,0.0021,190,0.5691,0.1169,0.012,1188.1,3.894722135,0.130134529
P4170,P4170.1,P4170.1.2,P4170.1,2,2.1,human.inputs,human.inputs,mediation.wastes,Ash.proportion.system,-1,USA,USA,NorthAm,Field,Lake,LakeField,Independent,na,Dreissena.polymorpha,Dreissena,Myida,non.native,na,na,na,7,na,na,na,na,na,na,21,na,na,na,na,na,na,na,na,na,na,na,42,5.5071,1.7468,0.3812,6,10375,2582.4878,1491,4170.1,6.430255838,1.183855849
P2991,P2991.1,P2991.1.1,P2991.1,2,2.1,human.inputs,human.inputs,mediation.wastes,Pollutant.content.FB,1,Canada,Canada,NorthAm,Lab,Lake,LakeLab,Repeated,Y,Several,Several,Myida,non.native,na,na,na,10.5,na,na,na,na,na,na,na,na,na,0.34,na,na,na,na,11800,na,na,na,6,100,12.82,7.4,6,0,0,0,2991.1,11.58166852,7.496477639
P3070,P3070.1,P3070.1.1.,P3070.1,2,2.1,human.inputs,human.inputs,mediation.wastes,Ammonia.concentration.system,-1,USA,USA,NorthAm,Meso,Lake,LakeMeso,Independent,N,Elliptio.complanata,Elliptio,Unionida,native,na,500,na,na,na,0,na,1.7,na,11.74,24.15,7.54,na,na,na,na,75,na,na,na,t.test,N,48,0.1,0.11,0.03,12,10,0,0,3070.1,42.70969085,31.42770321
P5051,P5051.1,P5051.1.1,P5051.1,2,2.1,human.inputs,human.inputs,mediation.wastes,Ammonia.concentration.system,-1,USA,USA,NorthAm,Meso,Lake,LakeMeso,Repeated,N,Dreissena.polymorpha,Dreissena,Myida,non.native,2827,1,na,1.8,na,0,na,0.01,na,5.5,25.7,7.5,na,1.2,na,na,162,na,0.23,1.22,anova,Y,4,10.97,1.885,0.9425,4,1.3683,0.098,0.049,na,-6.255583143,2.823841863
P2375,P2375.1,P2375.1.1,P2375.1,2,2.1,human.inputs,human.inputs,mediation.wastes,Cu.concentration.system,-1,USA,USA,NorthAm,Meso,Lake,LakeMeso,Repeated,Y,Dreissena.polymorpha,Dreissena,Myida,non.native,na,0.22,na,na,na,na,na,na,na,na,na,na,na,na,na,na,na,na,na,1.47,na,na,36,0.67,0.09,0.03,36,0.7,0.15,0.05,2375.1,-0.042542812,0.093914857
P2375,P2375.3,P2375.3.1,P2375.2,2,2.1,human.inputs,human.inputs,mediation.wastes,Cu.concentration.FB,1,USA,USA,NorthAm,Meso,Lake,LakeMeso,Repeated,Y,Dreissena.polymorpha,Dreissena,Myida,non.native,na,0.22,na,na,na,na,na,na,na,na,na,na,na,na,na,na,na,na,na,1.47,na,na,27,22,3,1,27,17,3,1,2375.2,2.222222222,0.32685907
P336,P336.1,na,P336.1,2,2.1,human.inputs,human.inputs,mediation.wastes,Hg.content.system,-1,USA,USA,NorthAm,Lab,na,Lab,Independent,Y,Elliptio.complanata,Elliptio,Unionida,native,na,0.8,na,0.95,na,na,na,na,na,na,21.1,na,na,na,na,na,na,na,na,6,na,na,42,570,140,30.5505,6,510,125,72.1688,336.1,-0.452538515,0.224640301
P336,P336.2,na,P336.2,2,2.1,human.inputs,human.inputs,mediation.wastes,Pollutant.concentration.FB,1,USA,USA,NorthAm,Lab,na,Lab,Independent,Y,Elliptio.complanata,Elliptio,Unionida,native,na,0.8,na,0.95,na,na,na,na,na,na,21.1,na,na,na,na,na,na,na,na,6,na,na,168,150,31.2,6.8084,24,110,18.2,10.5078,336.2,2.024037966,0.15614566
P4619,P4619.1,na,P4619.1,2,2.1,human.inputs,human.inputs,mediation.wastes,Pollutant.concentration.system,-1,USA,USA,NorthAm,Lab,na,Lab,Repeated,Y,Corbicula.fluminea,Corbicula,Venerida,non.native,na,0.32,na,na,0.03,na,na,na,na,8,23,7.9,na,na,na,na,8,0.8,24,na,na,na,9,0.69,0.2078,0.12,9,0,0,0,4619.1,-12.03849112,7.382935093
P346,P346.1,P346.1,P346.1,2,2.1,human.inputs,human.inputs,mediation.wastes,Pollutant.concentration.FB,1,USA,USA,NorthAm,Lab,na,Lab,Independent,N,Corbicula.spp,Corbicula,Venerida,non.native,na,na,15,na,na,na,na,na,na,na,na,na,na,na,na,na,na,na,na,21.42,na,na,18,1.37,0.75,0.1768,3,11.67,2.3036,1.33,na,-9.595586715,2.550668676
P980,P980.1,P980.1.1,P980.1,2,2.1,human.inputs,human.inputs,mediation.wastes,Cu.concentration.system,-1,USA,USA,NorthAm,Lab,na,Lab,Repeated,N,Corbicula.fluminea,Corbicula,Venerida,non.native,na,na,na,na,na,na,na,na,na,na,15,na,na,na,na,na,na,na,na,1,t.test,Y,13,5.2,1.4,0.3883,10,0,0,0,na,-4.735940385,0.651954406
P1115,P1115.1.,P1115.1.16,P1115.2,2,2.1,human.inputs,human.inputs,mediation.wastes,Carbohydrates.excretion.rate.system,-1,USA,USA,NorthAm,Lab,na,Lab,Repeated,N,Dreissena.bugensis,Dreissena,Myida,non.native,na,na,0.5,na,0,na,na,na,na,na,22,na,na,na,na,na,15,30,na,2,na,na,20,0.0318,0.0118,0.0037,2,0,0,0,1115.2,-2.546246973,0.759054478
P1115,P1115.1.,P1115.1.1,P1115.3,2,2.1,human.inputs,human.inputs,mediation.wastes,Plastic.clearance.rate,1,USA,USA,NorthAm,Lab,na,Lab,Repeated,N,Dreissena.bugensis,Dreissena,Myida,non.native,na,na,0.2,na,0,na,na,na,na,na,22,na,na,na,na,na,1,5,na,na,na,na,36,0.144,0.106,0.0612,12,0,0,0,1115.3,1.231277352,0.203887227
P1701,P1701.1,P1701.1.1,P1701.1,2,2.1,human.inputs,human.inputs,mediation.wastes,Cd.concentration.FB,1,USA,USA,NorthAm,Lab,na,Lab,Repeated,N,Corbicula.fluminea,Corbicula,Venerida,non.native,na,0.23,na,na,0.02,na,0.59,0.02,na,na,14.5,6.4,na,na,na,na,30,na,na,na,na,na,8,61.8,39.2,13.8593,4,6.1,3.4,1.7,na,1.565161019,0.421598669
P2991,P2991.2,P2991.2.1,P2991.2,2,2.1,human.inputs,human.inputs,mediation.wastes,Pollutant.content.FB,1,Canada,Canada,NorthAm,Lab,na,Lab,Repeated,Y,Dreissena.bugensis,Dreissena,Myida,non.native,na,na,na,10.5,na,na,na,na,na,na,na,na,na,0.13,na,na,na,na,186000,na,na,na,6,16,7.1,4.1,6,0,0,0,2991.2,2.515859438,0.596376757
P345,P345.1,P345.1.2,P345.1,2,2.1,human.inputs,human.inputs,mediation.wastes,Pollutant.concentration.FB,1,USA,USA,NorthAm,Lab,na,Lab,Independent,Y,Corbicula.fluminea,Corbicula,Venerida,non.native,na,na,40,na,na,na,na,12.35,na,na,10,7.28,na,na,na,na,na,na,na,6.9,kruskal.wallis,Y,8,1055.1,333.613,235.9,12,0.69,0.2252,0.13,345.1,3.686509145,0.819113777
P2283,P2283.1,P2283.1.1.,P2283.1,2,2.1,human.inputs,human.inputs,mediation.wastes,Hydrocarbon.concentration.FB,1,Canada,Canada,NorthAm,Field,River,RiverField,Repeated,N,Elliptio.complanata,Elliptio,Unionida,native,na,na,na,5.35,na,na,na,na,na,5.4,16,7.5,na,na,na,na,85,0.5,na,6.8,t.test,Y,19,27.5585,42.0611,9.6495,19,1.0737,2.4935,0.5721,na,0.870284507,0.110858576
P5060,P5060.1,P5060.1.4,P5060.1,2,2.1,human.inputs,human.inputs,mediation.wastes,As.concentration.FB,1,USA,USA,NorthAm,Field,River,RiverField,Repeated,N,Several,Several,Unionida,native,na,na,na,na,na,na,na,na,na,na,na,na,na,na,na,na,na,na,na,na,anova,Y,64,0.14,0.5822,0.1455,13,10.79,1.885,0.9425,5060.1,186.5622977,1054.699805
P1013,P1013.2,P1013.2.1,P1013.2,2,2.1,human.inputs,human.inputs,mediation.wastes,Pollutant.content.FB,1,USA,USA,NorthAm,Field,River,RiverField,Repeated,N,Corbicula.fluminea,Corbicula,Venerida,non.native,na,na,na,na,na,na,na,na,na,na,na,na,na,na,na,na,na,na,na,na,anova,Y,132,0.6,0.07,0.0122,60,0.45,0.03,0.0077,1013.2,-0.827302591,0.070698794
P2390,P2390.1,P2390.1.13,P2390.1,2,2.1,human.inputs,human.inputs,mediation.wastes,As.sediment.concentration.system,-1,USA,USA,NorthAm,Meso,River,RiverMeso,Independent,N,Corbicula.fluminea,Corbicula,Venerida,non.native,na,na,35.26,na,0.05,na,na,na,na,8,21,7.7,na,na,na,na,120,3.4,1463,2.5,anova,Y,432,2.275,0.84,0.198,432,0.84,0.175,0.0412,2390.1,-0.426398328,0.041971142
P601,P601.1,P601.1.2,P601.2,2,2.1,human.inputs,human.inputs,mediation.wastes,O.concentration.system,1,USA,USA,NorthAm,Meso,River,RiverMeso,Repeated,N,Corbicula.fluminea,Corbicula,Venerida,non.native,na,na,1,0.75,na,na,na,na,na,10.79,31.2,na,na,na,na,na,na,na,1530,1.17,na,na,9,95.6522,104.35,34.7826,3,36,6.9282,4,na,0.589641089,0.39318475
P2390,P2390.1,P2390.1.27,P2390.2,2,2.1,human.inputs,human.inputs,mediation.wastes,Cd.concentration.FB,1,USA,USA,NorthAm,Meso,River,RiverMeso,Independent,N,Corbicula.fluminea,Corbicula,Venerida,non.native,na,na,35.26,na,0.05,na,na,na,na,8,21,7.7,na,na,na,na,120,3.4,1463,1.5,anova,Y,36,43.0769,3.0769,1.7765,36,1.5385,0.3846,0.2221,2390.2,2.815234703,0.625144432
P601,P601.1,P601.1.1,P601.1,2,2.1,human.inputs,human.inputs,mediation.wastes,Methane.flux.system,-1,USA,USA,NorthAm,Meso,River,RiverMeso,Repeated,N,Corbicula.fluminea,Corbicula,Venerida,non.native,na,na,1,0.75,na,na,na,na,na,10.79,31.2,na,na,na,na,na,na,na,1530,1.17,na,na,9,0.44,0.33,0.1111,3,36,6.9282,4,na,10.54635794,5.013100963
P5413,P5413.1,P5413.1.3,P5413.1,2,2.1,human.inputs,human.inputs,mediation.wastes,Pollutant.concentration.system,-1,Canada,Canada,NorthAm,Meso,WTP,WTPMeso,Repeated,na,Dreissena.polymorpha,Dreissena,Myida,non.native,na,na,5700,na,na,na,500,15.5,350,4.25,15.5,7.6,na,na,na,na,1000,0.3,na,na,kruskal.wallis,Y,900,6,1,0.0577,409,5.5,0.02,0.0067,5413.1,-4.619229287,0.037804298
P4651,P4651.1,na,P4651.1,3,3.1,physico.chemical.conditions,sediment.control,sediments,Sedimentation.rate.system,1,USA,USA,NorthAm,Meso,Lake,LakeMeso,Independent,N,Dreissena.polymorpha,Dreissena,Myida,non.native,1500,3.24,na,1,0.08,na,na,0.05,na,11,19.4,9.25,na,na,na,na,na,na,8000,1.8,t.test,Y,12,169,1281.72,370,12,86,450.3332,130,na,0.083422579,0.155515577
P2376,P2376.1,P2376.1.2,P2376.4,3,3.1,physico.chemical.conditions,sediment.control,sediments,Sedimentation.rate.system,1,USA,USA,NorthAm,Meso,Lake,LakeMeso,Independent,Y,Dreissena.polymorpha,Dreissena,Myida,non.native,na,0.22,na,0.13,na,na,na,na,na,na,14,na,na,na,na,na,na,na,1825,2.03,na,na,48,3.4,1.131,0.4,48,2,1,0.3536,2376.4,1.789617057,0.169843562
P191,P191.2,na,P191.2,3,3.1,physico.chemical.conditions,sediment.control,sediments,Sediment.concentration.system,1,USA,USA,NorthAm,Lab,na,Lab,Repeated,N,Corbicula.fluminea,Corbicula,Venerida,non.native,na,na,1,na,na,na,na,na,na,na,25,na,na,na,na,na,1,1,na,na,ancova,Y,12,0.4,0.1039,0.03,12,0.26,0.0346,0.01,na,1.745623409,0.218853947
P5332,P5332.1,P5332.2,P5332.1,3,3.1,physico.chemical.conditions,sediment.control,sediments,Sediment.compression.system,1,USA,USA,NorthAm,na,na,na,Independent,Y,Ptychobranchus.fasciolaris,Ptychobranchus,Unionida,native,na,6.4,na,na,1.4,na,na,na,na,11,16.5,8.1,na,na,na,na,640,na,100,0.9,anova,Y,400,150,14.14,1,6,1.0828,1.6672,0.9626,5332.1,5.033214034,0.293111104
P2376,P2376.1,P2376.1.3,P2376.5,3,3.1,physico.chemical.conditions,sediment.control,water.conditions,Biodeposition.rate.system,-1,USA,USA,NorthAm,Meso,Lake,LakeMeso,Independent,Y,Dreissena.polymorpha,Dreissena,Myida,non.native,na,0.22,na,0.13,na,na,na,na,na,na,23,na,na,na,na,na,na,na,1835,2.03,na,na,28,0.28,0.057,0.02,28,0.235,0.0566,0.02,2376.5,-0.809672006,0.129327768
P3391,P3391.2,P3391.2.2,P3391.3,3,3.1,physico.chemical.conditions,sediment.control,water.conditions,Leaflitter.stoichiometry.(C.N),1,USA,USA,NorthAm,Meso,na,Meso,Independent,N,Fusconaia.cerina,Fusconaia,Unionida,native,na,na,164,0.4,na,0,0,na,na,na,22.5,na,na,8,na,na,8,0.05,30,na,tukey,Y,12,32.8,2.72,1.11,2,0,0,0,3391.3,9.136875425,4.274009809
P3391,P3391.2,P3391.2.1,P3391.2,3,3.1,physico.chemical.conditions,sediment.control,water.conditions,Leaflitter.decomposition,1,USA,USA,NorthAm,Meso,na,Meso,Independent,N,Cyclonaias.asperata,Cyclonaias,Unionida,native,na,na,164,0.4,na,0,0,na,na,na,22.5,na,na,8.76,na,na,8,0.05,30,na,tukey,N,12,44.3,3.04,1.24,2,0,0,0,3391.2,9.868378567,5.030808275
P3391,P3391.2,P3391.2.1,P3391.1,3,3.1,physico.chemical.conditions,sediment.control,water.conditions,Leaflitter.decomposition,1,USA,USA,NorthAm,Meso,na,Meso,Independent,N,Several,Several,Unionida,native,na,na,164,0.4,na,0,0,na,na,na,22.5,na,na,6.02,na,na,8,0.05,30,na,tukey,Y,12,48.2,2.91,1.19,2,0,0,0,3391.1,10.84362317,6.041109509
P3963,P3963.1,P3963.1.4,P3963.1,3,3.1,physico.chemical.conditions,sediment.control,water.conditions,Biodeposition.rate.system,-1,USA,USA,NorthAm,Meso,River,RiverMeso,Independent,N,Dreissena.polymorpha,Dreissena,Myida,non.native,na,na,36.7,1.05,na,na,na,na,na,na,na,na,na,na,na,na,na,na,3800,1.7,t.test,Y,8,81.4,14.4,7.2,6,3.2,0.9,0.5196,3963.1,33.19975774,98.27401171
P2376,P2376.1,P2376.1.1,P2376.3,3,3.2,physico.chemical.conditions,regulation.chemical,mediation.wastes,Turbidity.level.system,-1,USA,USA,NorthAm,Meso,Lake,LakeMeso,Independent,Y,Dreissena.polymorpha,Dreissena,Myida,non.native,na,0.22,na,0.13,na,na,na,na,na,na,14,na,na,na,na,na,na,na,917,1.47,na,na,42,0.9,0.02,0.0071,42,1.45,0.16,0.0566,2376.3,3.59681947,0.27974289
P330,P330.3,P330.3.2,P330.3,3,3.2,physico.chemical.conditions,regulation.chemical,mediation.wastes,Turbidity.level.system,-1,USA,USA,NorthAm,Lab,na,Lab,Repeated,N,Corbicula.fluminea,Corbicula,Venerida,non.native,na,na,37,na,0.04,0.1,na,0.17,na,na,na,na,na,na,na,na,na,na,296.75,2.2,duncan,Y,3,0,0,0,9,542,255,85,na,2.193572568,0.57918825
P2000,P2000.1,P2000.1.3,P2000.2,3,3.2,physico.chemical.conditions,regulation.chemical,sediments,Suspended.sediments.concentration.system,-1,USA,USA,NorthAm,Field,Lake,LakeField,Repeated,Y,Several,Several,Myida,non.native,na,na,na,9.5,na,0,na,na,na,na,25,8.3,na,na,na,na,na,na,na,na,na,na,3,1.6,0.92,0.5312,1,8.4,0,0,na,4.223602484,2.665226393
P3070,P3070.3,P3070.3.1.,P3070.3,3,3.2,physico.chemical.conditions,regulation.chemical,sediments,Suspended.sediments.concentration.system,-1,USA,USA,NorthAm,Meso,Lake,LakeMeso,Independent,N,Elliptio.complanata,Elliptio,Unionida,native,na,500,na,na,na,0,na,1.7,na,11.74,24.15,7.54,na,na,na,na,75,na,na,na,t.test,Y,36,0.0261,0.0124,0.0036,48,0.31,0.25,0.06,3070.3,1.601458305,0.09192992
P191,P191.1,na,P191.1,3,3.2,physico.chemical.conditions,regulation.chemical,sediments,Sediment.concentration.system,1,USA,USA,NorthAm,Lab,na,Lab,Repeated,N,Elliptio.crassidens,Elliptio,Unionida,native,na,na,1,na,na,na,na,na,na,na,25,na,na,na,na,na,1,1,na,na,ancova,Y,24,0.05,0.3464,0.1,24,0.16,0.866,0.25,191.1,-0.027964881,0.097347361
P1865,p1865.1,P1865.1.1,P1865.1,3,3.2,physico.chemical.conditions,regulation.chemical,sediments,Suspended.sediments.concentration.system,-1,USA,USA,NorthAm,Lab,na,Lab,Repeated,N,Elliptio.complanata,Elliptio,Unionida,native,na,na,10,na,na,na,na,na,na,na,21.5,na,na,na,na,123,11,1.13,na,10.4,na,na,9,16,3,1,9,55,3,1,na,12.38095238,4.459561602
P631,P631.1,P631.1.2,P631.1,3,3.2,physico.chemical.conditions,regulation.chemical,sediments,Seston.concentration.system,-1,USA,USA,NorthAm,Lab,Lab,LabLab,Independent,Y,Corbicula.fluminea,Corbicula,Venerida,non.native,na,na,38,na,0.02,na,na,na,na,na,23.4,na,na,na,na,na,na,na,32,21,anova,Y,12,3,5.2,3,162,4.93,6.98,1.64,631.1,-0.402705093,0.155449044
P5212,P5212.5,P5212.5.1,P5212.1,3,3.2,physico.chemical.conditions,regulation.chemical,water.conditions,O.concentration.system,1,USA,USA,NorthAm,Field,Lake,LakeField,Repeated,na,Dreissena.polymorpha,Dreissena,Myida,non.native,590000,na,na,6.2,na,na,na,na,na,na,na,na,na,na,na,na,na,na,4460,na,na,na,14,1.04,1.36,0.3635,3,45,0,0,na,-32.95556366,32.30785725
P1149,P1149.1,P1149.1.10,P1149.1,3,3.2,physico.chemical.conditions,regulation.chemical,water.conditions,Biodeposition.rate.organic.matter.system,-1,Canada,Canada,NorthAm,Field,Lake,LakeField,Independent,na,Dreissena.polymorpha,Dreissena,Myida,non.native,na,na,na,na,na,na,na,na,na,na,na,na,na,na,na,na,400,800,na,na,t.test,N,48,101.3,31.8,18.3597,80,13.9,4.8,2.1466,1149.1,-5.897253857,0.943456857
P1188,P1188.1,P1188.1.3,P1188.2,3,3.2,physico.chemical.conditions,regulation.chemical,water.conditions,NO3.concentration.system,-1,Canada,Canada,NorthAm,Field,Lake,LakeField,Repeated,Y,Several,Several,Myida,non.native,na,na,na,na,na,0,na,11.12,na,na,na,na,na,na,na,na,na,na,na,na,na,na,190,0.448,0.004,0.0004,190,0.3809,0.0077,8.00E-04,1188.2,-3.356469766,0.118647768
P4651,P4651.7,P4651.3,P4651.3,3,3.2,physico.chemical.conditions,regulation.chemical,water.conditions,N.concentration.system,-1,USA,USA,NorthAm,Field,Lake,LakeField,Independent,N,Dreissena.polymorpha,Dreissena,Myida,non.native,1114000000,na,na,na,5,na,0.05,15.3,na,na,na,na,na,na,na,na,na,na,3200,na,anova,Y,6,3,0.98,0.4,6,1.86,0.049,0.02,na,-1.516664343,0.379868282
P5218,P5218.1,na,P5218.1,3,3.2,physico.chemical.conditions,regulation.chemical,water.conditions,Nutrient.concentration.FB,1,USA,USA,NorthAm,Field,Lake,LakeField,Independent,na,Several,Several,Myida,non.native,26000000000,na,na,5.3,na,na,na,na,na,na,na,na,na,na,na,na,na,na,na,na,t.test,Y,330,0.045,0.02,0.003,138,0.038,0.0192,0.004,5218.1,-0.081628809,0.022900624
P2061,P2061.1,P2061.1.2,P2061.1,3,3.2,physico.chemical.conditions,regulation.chemical,water.conditions,P.concentration.system,-1,USA,USA,NorthAm,Field,Lake,LakeField,Repeated,na,Dreissena.polymorpha,Dreissena,Myida,non.native,207000000,na,na,6.8,na,na,na,na,na,na,na,na,na,na,na,na,na,na,na,0.63,anova,Y,24,7,1.47,0.6,16,9.7,1.6,0.8,2061.1,0.196797441,0.198947707
P2061,P2061.2,P2061.2.1,P2061.2,3,3.2,physico.chemical.conditions,regulation.chemical,water.conditions,Secchi.depth.system,1,USA,USA,NorthAm,Field,Lake,LakeField,Repeated,N,Dreissena.polymorpha,Dreissena,Myida,non.native,207000000,na,na,6.8,na,na,na,na,na,na,na,na,na,na,na,na,na,na,na,0.63,anova,Y,6,4,1.2247,0.5,4,3,1,0.5,na,0.788420752,0.371004055
P2000,P2000.1,P2000.1.9,P2000.4,3,3.2,physico.chemical.conditions,regulation.chemical,water.conditions,Secchi.depth.system,1,USA,USA,NorthAm,Field,Lake,LakeField,Repeated,Y,Several,Several,Myida,non.native,na,na,na,9.5,na,0,na,na,na,na,25,8.3,na,na,na,na,na,na,na,na,na,na,14,3.7925,2.042,0.5457,1,1.1538,0,0,na,1.216200956,0.998390342
P1957,P1957.2,P1957.2.,P1957.2,3,3.2,physico.chemical.conditions,regulation.chemical,water.conditions,Secchi.depth.system,1,USA,USA,NorthAm,Field,Lake,LakeField,Repeated,N,Dreissena.polymorpha,Dreissena,Myida,non.native,na,na,na,na,na,na,na,na,na,na,na,na,na,na,na,na,na,na,na,na,t.test,Y,92,2.35,1.06,0.11,81,1.23,0.68,0.08,na,1.235728046,0.027425115
P1979,P1079.1,P1079.1.2,P1079.2,3,3.2,physico.chemical.conditions,regulation.chemical,water.conditions,Secchi.depth.system,1,USA,USA,NorthAm,Field,Lake,LakeField,Repeated,N,Dreissena.polymorpha,Dreissena,Myida,non.native,206700000,na,na,na,na,na,na,na,na,na,na,na,na,na,na,na,na,na,na,na,mann.whitney,Y,3,4.1,0.9,0.5196,17,3.2,0.6,0.1455,na,1.346173835,0.405021587
P4651,P4651.6,P4651.3,P4651.2,3,3.2,physico.chemical.conditions,regulation.chemical,water.conditions,C.concentration.FB,1,USA,USA,NorthAm,Field,Lake,LakeField,Independent,N,Dreissena.polymorpha,Dreissena,Myida,non.native,1114000000,na,na,na,5,na,0.05,15.3,na,na,na,na,na,na,na,na,na,na,3200,na,anova,Y,6,21.4,5.14,2.1,6,15.3,1.9596,0.8,na,1.447607766,0.371339012
P2000,P2000.1,P2000.1.4,P2000.3,3,3.2,physico.chemical.conditions,regulation.chemical,water.conditions,C.concentration.system,-1,USA,USA,NorthAm,Field,Lake,LakeField,Repeated,Y,Several,Several,Myida,non.native,na,na,na,9.5,na,0,na,na,na,na,25,8.3,na,na,na,na,na,na,na,na,na,na,9,2.05,0.17,0.0981,3,1.9,0,0,2000.3,1.590662932,0.514326081
P2815,P2815.2,P2815.2.1,P2815.1,3,3.2,physico.chemical.conditions,regulation.chemical,water.conditions,C.fixation.rate,1,USA,USA,NorthAm,Field,Lake,LakeField,Repeated,N,Dreissena.polymorpha,Dreissena,Myida,non.native,na,na,na,5.5,na,na,na,na,na,na,na,na,na,na,na,na,na,na,71617,na,anova,Y,16,5.8199,2.98,1.7211,16,1.291,1.027,0.4593,2815.1,2.130429187,0.30632133
P1188,P1188.1,P1188.1.1,P1188.3,3,3.2,physico.chemical.conditions,regulation.chemical,water.conditions,Secchi.depth.system,1,Canada,Canada,NorthAm,Field,Lake,LakeField,Repeated,Y,Several,Several,Myida,non.native,na,na,na,na,na,0,na,11.12,na,na,na,na,na,na,na,na,na,na,na,na,na,na,95,3.999,0.71,0.0728,95,1.8066,0.3044,0.0312,na,3.99757695,0.062939038
P5314,P5314.2,P5314.2.1,P5314.1,3,3.2,physico.chemical.conditions,regulation.chemical,water.conditions,P.concentration.system,-1,USA,USA,NorthAm,Field,Lake,LakeField,Repeated,Y,Dreissena.polymorpha,Dreissena,Myida,non.native,na,na,na,6.8,na,na,na,na,na,na,na,na,na,na,na,na,na,na,na,na,na,na,6,19.8,3.92,1.6,3,39.2,0.2,0.1155,na,5.202369263,1.89865317
P761,P761.1,P761.1.3,P761.1,3,3.2,physico.chemical.conditions,regulation.chemical,water.conditions,P.excretion.system,-1,USA,USA,NorthAm,Field,Lake,LakeField,Repeated,N,Several,Several,Myida,non.native,2700000000,na,na,5,na,na,na,na,na,na,na,na,na,na,na,na,na,na,8348,na,na,na,1352,624,1794,69,4,2307.6923,961.5385,679.9104,761.1,9.625681282,0.388684805
P2585,P2585.1,P2585.1.1,P2585.1,3,3.2,physico.chemical.conditions,regulation.chemical,water.conditions,N.concentration.rate.system,-1,USA,USA,NorthAm,Lab,Lake,LakeLab,Repeated,N,Several,Several,Several,non.native,na,na,na,na,na,na,na,na,na,na,na,na,na,na,na,na,na,na,na,na,na,na,38,0.04,0.0493,0.008,118,0.002,0.0109,0.001,na,-1.456334497,0.041249564
P3536,P3536.1,P3536.1.2,P3536.1,3,3.2,physico.chemical.conditions,regulation.chemical,water.conditions,N.excretion.system,-1,Canada,Canada,NorthAm,Lab,Lake,LakeLab,Independent,na,Several,Several,Myida,non.native,na,na,0.3,na,na,na,na,na,na,na,na,na,na,na,na,na,12.5,41.7,na,2,na,na,252,40,18.1,2.4631,39,174.65,0,0,3536.1,-0.725614551,0.207190857
P3070,P3070.1,P3070.1.7.,P3070.2,3,3.2,physico.chemical.conditions,regulation.chemical,water.conditions,P.concentration.system,-1,USA,USA,NorthAm,Meso,Lake,LakeMeso,Independent,N,Elliptio.complanata,Elliptio,Unionida,native,na,500,na,na,na,0,na,1.7,na,11.74,24.15,7.54,na,na,na,na,75,na,na,na,t.test,Y,32,0.056,0.444,0.111,22,6.5,0.2,0.0816,3070.2,7.657897975,1.570176414
P2117,P2117.2,P2117.2.2,P2117.1,3,3.2,physico.chemical.conditions,regulation.chemical,water.conditions,P.concentration.system,-1,USA,USA,NorthAm,Meso,Lake,LakeMeso,Repeated,N,Dreissena.polymorpha,Dreissena,Myida,non.native,na,na,4,na,0,0.02,na,na,na,na,18,na,na,na,na,na,na,na,1300,2.2,anova,Y,48,0.031,0.0125,0.0051,48,0.0064,0.0156,0.0064,2117.1,-4.651587459,0.514965616
P3537,P3537.1,na,P3537.1,3,3.2,physico.chemical.conditions,regulation.chemical,water.conditions,SRP.concentration.system,-1,Canada,Canada,NorthAm,Meso,Lake,LakeMeso,Independent,N,Dreissena.bugensis,Dreissena,Myida,non.native,na,na,1.8,1.5,na,na,na,na,na,na,14,na,na,0.23,28.7,na,na,na,95,na,t.test,Y,4,3.53,0.45,0.225,3,1.62,0,0,na,-4.614361445,1.934546568
P4135,P4135.2,P4135.2.1,P4135.1,3,3.2,physico.chemical.conditions,regulation.chemical,water.conditions,SRP.concentration.system,-1,USA,USA,NorthAm,Meso,Lake,LakeMeso,Independent,na,Dreissena.polymorpha,Dreissena,Myida,non.native,na,4.91,50000,na,na,0,na,0,na,na,23.7,na,na,0.02,1.65,na,na,na,na,2,anova,Y,14,0.54,0.1,0.0378,50,0.09,0.1375,0.03,4135.1,-2.705802127,0.189231049
P3162,P3162.1,na,P3162.1,3,3.2,physico.chemical.conditions,regulation.chemical,water.conditions,N.concentration.system,-1,USA,USA,NorthAm,Meso,Lake,LakeMeso,Independent,N,Dreissena.polymorpha,Dreissena,Myida,non.native,na,na,200,na,na,na,na,na,na,na,20,na,na,na,na,na,50,0.25,na,na,anova,Y,16,28.24,1.18,0.59,16,25.38,2.64,1.32,3162.1,-1.94328829,0.273396164
P605,P605.1,P605.1,P605.1,3,3.2,physico.chemical.conditions,regulation.chemical,water.conditions,N.removal.rate.system,1,USA,USA,NorthAm,Meso,Lake,LakeMeso,Independent,Y,Dreissena.polymorpha,Dreissena,Myida,non.native,na,0.24,na,3.5,0.04,na,na,na,na,na,na,na,na,na,na,na,na,na,1586,na,anova,Y,378,3,19.44,1,108,7.09,6.2354,0.6,na,-0.234614786,0.011924506
P1424,P1424.1,P1424.1.2,P1424.1,3,3.2,physico.chemical.conditions,regulation.chemical,water.conditions,P.concentration.system,-1,USA,USA,NorthAm,Meso,Lake,LakeMeso,Repeated,Y,Dreissena.polymorpha,Dreissena,Myida,non.native,na,0.01,na,na,na,na,na,na,na,na,23.8,na,na,na,na,na,9,na,na,na,anova,N,1,560,0,0,3,567,34,19.6299,na,0.117647059,0.437104253
P5051,P5051.1,P5051.1.2,P5051.1,3,3.2,physico.chemical.conditions,regulation.chemical,water.conditions,P.concentration.system,-1,USA,USA,NorthAm,Meso,Lake,LakeMeso,Repeated,N,Dreissena.polymorpha,Dreissena,Myida,non.native,2827,1,na,1.8,na,0,na,0.01,na,5.5,25.7,7.5,na,1.2,na,na,162,na,0.23,1.22,anova,Y,4,2.13,0.45,0.225,4,2.5965,0.1602,0.0801,na,1.201006081,0.468222809
P1115,P1115.1,P1115.1.19,P1115.1,3,3.2,physico.chemical.conditions,regulation.chemical,water.conditions,P.excretion.rate.system,-1,USA,USA,NorthAm,Lab,na,Lab,Repeated,N,Dreissena.bugensis,Dreissena,Myida,non.native,na,na,0.5,na,0,na,na,na,na,na,22,na,na,na,na,na,15,30,na,2,na,na,40,0.0003,0.0003,0.0001,4,0,0,0,1115.1,-4.349173579,0.918418061
P3411,P3411.1,na,P3411.1,3,3.2,physico.chemical.conditions,regulation.chemical,water.conditions,NO3.concentration.system,-1,USA,USA,NorthAm,Lab,na,Lab,Independent,N,Dreissena.bugensis,Dreissena,Myida,non.native,na,na,1.35,0.15,0.15,na,na,na,na,na,20,na,na,na,na,na,na,na,8500,1.35,anova,Y,6,1.4,0.26,0.15,6,0.6,0.1732,0.1,3411.1,-3.98398857,1.136518243
P3536,P3536.4,P3536.4.1,P3536.3,3,3.2,physico.chemical.conditions,regulation.chemical,water.conditions,Biodeposition.rate.system,-1,Canada,Canada,NorthAm,Lab,na,Lab,Independent,na,Dreissena.bugensis,Dreissena,Myida,non.native,na,na,0.3,na,na,na,na,na,na,na,na,na,na,na,na,na,12.5,41.7,na,2,na,na,63,5.2,2.3,0.7667,54,0,0,0,3536.3,-2.934518616,0.121562806
P3536,P3536.3,P3536.3.1,P3536.2,3,3.2,physico.chemical.conditions,regulation.chemical,water.conditions,Biodeposition.rate.system,-1,Canada,Canada,NorthAm,Lab,na,Lab,Independent,na,Dreissena.polymorpha,Dreissena,Myida,non.native,na,na,0.3,na,na,na,na,na,na,na,na,na,na,na,na,na,12.5,41.7,na,2,na,na,63,10.9,8.7,2.9,54,0,0,0,3536.2,-2.811267184,0.107047294
P4471,P4471.1,P4471.1.1,P4471.1,3,3.2,physico.chemical.conditions,regulation.chemical,water.conditions,P.concentration.system,-1,USA,USA,NorthAm,Lab,na,Lab,Repeated,Y,Dreissena.spp,Dreissena,Myida,non.native,225,na,na,3,na,na,na,na,na,na,na,na,na,na,na,na,30800,na,na,na,na,na,24,26,6.928,2,10,0.05,0.0224,0.01,4471.1,-2.742926432,0.327975219
P643,P643.2,P643.2.3,P643.2,3,3.2,physico.chemical.conditions,regulation.chemical,water.conditions,NH4.flux.system,-1,USA,USA,NorthAm,Lab,na,Lab,Independent,N,Dreissena.polymorpha,Dreissena,Myida,non.native,na,na,4000,0.61,na,na,na,na,na,10.6,12,na,na,na,na,na,na,na,200000,na,anova,Y,4,0.159,0.16,0.082,18,0,0,0,na,-2.468414069,0.421268258
P2119,P2119.2,P2119.2.6,P2119.1,3,3.2,physico.chemical.conditions,regulation.chemical,water.conditions,N.content.system,-1,USA,USA,NorthAm,Lab,na,Lab,Independent,N,Dreissena.polymorpha,Dreissena,Myida,non.native,na,na,4,na,0.08,na,na,na,na,na,18,na,na,na,na,na,23,5.75,na,2.1,anova,Y,27,23,2.598,1.5,27,13.5,2.0785,1.2,2119.1,-1.507093507,0.614259873
P3405,P3405.1,P3405.9,P3405.1,3,3.2,physico.chemical.conditions,regulation.chemical,water.conditions,Nutrient.flux,-1,Canada,Canada,NorthAm,Lab,na,Lab,Repeated,na,Several,Several,Myida,non.native,na,na,na,0.31,0,na,na,na,na,11.3,17,na,na,na,na,na,87400,0.07,23000,2.75,na,na,12,0.0001,0.0002,0,1,0,0,0,na,-0.465116279,0.945764169
P3098,P3098.2,P3098.2.1,P3098.1,3,3.2,physico.chemical.conditions,regulation.chemical,water.conditions,P.concentration.system,-1,Canada,Canada,NorthAm,Lab,na,Lab,Repeated,N,Dreissena.polymorpha,Dreissena,Myida,non.native,na,na,40,na,na,na,na,0.05,na,na,na,na,na,na,na,na,10,0.25,na,2.25,anova,Y,6,31.34,2.03,1.4354,3,0,0,0,3098.1,0,0
P3411,P3411.2,na,P3411.2,3,3.2,physico.chemical.conditions,regulation.chemical,water.conditions,O.concentration.system,1,USA,USA,NorthAm,Lab,na,Lab,Independent,N,Dreissena.bugensis,Dreissena,Myida,non.native,na,na,1.35,0.15,0.15,na,na,na,na,na,20,na,na,na,na,na,na,na,8500,1.35,anova,Y,3,8,2.08,1.2,3,4,3.4641,2,na,1.120004864,0.531200908
P4803,P4803.1,P4803.1.2,P4803.1,3,3.2,physico.chemical.conditions,regulation.chemical,water.conditions,Clearance.rate.system.sestons,1,USA,USA,NorthAm,Lab,na,Lab,Independent,N,Dreissena.bugensis,Dreissena,Myida,non.native,na,na,na,na,na,0.000179,na,na,na,na,2,na,na,na,19.81,na,4.5,na,na,2.26,na,na,28,4.88,0.74,0.37,7,0.12,0,0,4803.1,3.56277526,0.697199978
P643,P643.2,P643.2.2,P643.1,3,3.2,physico.chemical.conditions,regulation.chemical,water.conditions,NO3.N.concentration.system,-1,USA,USA,NorthAm,Lab,na,Lab,Independent,N,Dreissena.polymorpha,Dreissena,Myida,non.native,na,na,4000,0.61,na,na,na,na,na,10.6,12,na,na,na,na,na,na,na,200000,na,anova,Y,8,0.701,0.1,0.051,36,0.02,0.0424,0.01,643.1,42.03241335,56.66577289
P4359,P4359.1,P4359.1.3,P4359.1,3,3.2,physico.chemical.conditions,regulation.chemical,water.conditions,N.concentration.system,-1,Canada,Canada,NorthAm,Meso,na,Meso,Repeated,Y,Elliptio.complanata,Elliptio,Unionida,native,na,0.19,17.5,na,na,na,na,na,na,na,na,na,na,na,na,na,0.4,0.02,2,7.8,na,na,80,0.55,0.57,0.09,11,0,0,0,4359.1,-0.538050584,0.129156543
P197,P197.2,na,P197.2,3,3.2,physico.chemical.conditions,regulation.chemical,water.conditions,P.excretion.rate.system,-1,USA,USA,NorthAm,Field,River,RiverField,Independent,na,Several,Several,Unionida,native,na,na,na,na,na,na,0.35,0.03,na,na,30,7.5,na,na,na,na,14,na,na,na,na,na,3,1.597,0.083,0.0479,3,1.3533,0.0404,0.0233,na,-2.986834465,1.170098343
P1944,P1944.1,P1944.1.3,P1944.1,3,3.2,physico.chemical.conditions,regulation.chemical,water.conditions,NO2.flux.system,-1,USA,USA,NorthAm,Field,River,RiverField,Independent,Y,Pyganodon.grandis,Pyganodon,Unionida,native,1800,na,na,na,na,0.03,na,0.48,na,9.92,23.4,na,na,6.1,na,na,na,na,na,na,anova,Y,9,750,433.01,250,9,0,173.2051,100,1944.1,-2.224857618,0.500541903
P1242,P1242.2,P1242.1.3,P1242.1,3,3.2,physico.chemical.conditions,regulation.chemical,water.conditions,NH3.concentration.system,-1,USA,USA,NorthAm,Field,River,RiverField,Repeated,N,Dreissena.polymorpha,Dreissena,Myida,non.native,2250000000,na,na,na,na,0.05,na,0.08,na,8.7,na,8.1,na,na,na,na,na,na,na,na,manova,Y,18,153,32,10.6667,26,43,14,3.8829,1242.1,-1.765833409,0.259643094
P1242,P1242.3,P1242.2.2,P1242.2,3,3.2,physico.chemical.conditions,regulation.chemical,water.conditions,O.concentration.system,1,USA,USA,NorthAm,Field,River,RiverField,Repeated,na,Dreissena.polymorpha,Dreissena,Myida,non.native,2250000000,na,na,na,na,0.05,na,0.08,na,8.7,na,8.1,na,na,na,na,na,na,na,na,manova,Y,18,5.4,0.6,0.2,26,8.7,1.2,0.3328,1242.2,0.058150741,0.256099884
P604,P604.2,P604.2.4,P604.2,3,3.2,physico.chemical.conditions,regulation.chemical,water.conditions,O.concentration.system,1,USA,USA,NorthAm,Field,River,RiverField,Independent,na,Dreissena.polymorpha,Dreissena,Myida,non.native,na,na,na,na,na,na,na,na,na,12.95,na,na,na,na,na,na,na,na,600,na,anova,N,216,12.86,9.85,0.67,108,4.59,3.0138,0.29,na,1.002019033,0.015373662
P604,P604.3,P604.3.5,P604.1,3,3.2,physico.chemical.conditions,regulation.chemical,water.conditions,Denitrification.rate.system,-1,USA,USA,NorthAm,Field,River,RiverField,Independent,N,Dreissena.polymorpha,Dreissena,Myida,non.native,na,na,na,na,na,na,na,na,na,12.95,na,na,na,na,na,na,na,na,600,na,anova,Y,1944,109.7,93,15.5,699,32.82,196.4146,18.9,604.1,2.409748057,0.059626247
P707,P707.2,P707.2,P707.2,3,3.2,physico.chemical.conditions,regulation.chemical,water.conditions,O.concentration.system,1,USA,USA,NorthAm,Field,River,RiverField,Repeated,na,Dreissena.polymorpha,Dreissena,Myida,non.native,34000000000,na,na,7,na,na,na,na,na,na,22,na,na,na,na,na,na,na,na,na,na,na,112,89.254,7.648,0.7227,16,23,4.5,1.125,na,8.967295559,0.384689979
P1993,P1993.1,P1993.1.22,P1993.1,3,3.2,physico.chemical.conditions,regulation.chemical,water.conditions,Concentration.inorganic.matter.system,-1,USA,USA,NorthAm,Meso,River,RiverMeso,Independent,N,Margaritifera.falcata,Margaritifera,Unionida,native,na,0.05,na,na,na,na,na,na,na,na,na,na,na,na,na,na,10,na,188,na,anova,Y,233,7.625,3.21,1.6055,233,4.5892,0.3399,0.17,1993.1,-1.328438054,0.086543494
P4440,P4440.1,"P4440.1,1",P4440.1,3,3.2,physico.chemical.conditions,regulation.chemical,water.conditions,Organic.matter.concentration.system,-1,USA,USA,NorthAm,Meso,River,RiverMeso,Repeated,Y,Several,Several,Unionida,native,na,0.25,na,na,0.15,na,na,na,na,na,na,na,5.91,na,na,na,10,na,40,na,anova,Y,15,0.0005,0,0,30,1,0.8,0.253,4440.1,1.370321491,0.164455297
P603,P603.1,P603.1.3,P603.1,3,3.2,physico.chemical.conditions,regulation.chemical,water.conditions,Nitrification.rate.system,-1,USA,USA,NorthAm,Meso,River,RiverMeso,Independent,N,Dreissena.polymorpha,Dreissena,Myida,non.native,na,na,38,0.3,0.05,na,na,na,5.97,6.16,21.4,na,na,na,na,na,na,na,1000,na,anova,Y,24,30.4,25.46,6,9,6,1.7321,1,603.1,-3.066739234,0.796181432
P4736,P4736.1,P4736.1.3,P4736.1,3,3.2,physico.chemical.conditions,regulation.chemical,water.conditions,N2.flux.system,-1,USA,USA,NorthAm,Meso,River,RiverMeso,Independent,na,Corbicula.fluminea,Corbicula,Venerida,non.native,na,0.07,na,0.05,na,na,na,na,na,na,na,na,na,na,na,na,4,na,882,1.5,anova,Y,82,2800,1312.5,437.5,39,4.4898,2.8278,1.6327,4736.1,-1.484343382,0.190647591
P4302,P4302.1,na,P4302.1,1,1.1,organisms,macrofauna.habitat,,Invertebrate.abundance.system,1,Brazil,Brazil,SouthAm,Field,River,RiverField,Independent,N,Several,Several,Unionida,native,na,na,na,na,na,na,na,na,na,na,na,na,na,na,na,na,60,na,na,na,na,na,1080,25.34,75.29,9.72,1080,19.44,32.3,4.17,4302.1,-0.015578501,0.009894389
P1666,P1666.1,P1666.1.1,P1666.1,1,1.1,organisms,macrofauna.habitat,,Density.of.FB.system,1,Uruguay,Uruguay,SouthAm,Meso,River,RiverMeso,Independent,N,Limnoperna.fortunei,Limnoperna,Mytilida,non.native,na,1,na,1.45,na,na,na,na,na,na,17,na,na,na,na,na,na,na,na,na,anova,Y,4,5809,2178,28.58,4,18712,9295,4647.5,na,-1.662078966,0.550728489
P3223,P3223.1,na,P3223.1,1,1.2,organisms,zooplankton,,Survival.rate.Alona.glabra.system,-1,Argentina,Argentina,SouthAm,Lab,Lab,Lab,Repeated,Y,Limnoperna.fortunei,Limnoperna,Mytilida,non.native,na,na,0.2,na,na,na,na,na,na,na,20,na,na,na,na,na,1,20,na,2.45,mann.whitney,Y,60,90,63.25,20,24,100,0,0,3223.1,-0.341380943,0.116816155
P2575,P2575.1,P2575.1.6,P2575.2,1,1.2,organisms,zooplankton,,Eco-exergy.levels,1,Brazil,Brazil,SouthAm,Field,Lake,LakeField,Independent,N,Dreissena.polymorpha,Dreissena,Myida,non.native,na,0,na,na,na,na,na,na,na,na,21,na,na,na,na,na,2,na,na,2.23,glm,Y,41,46,12,1.77,121,7.3,2.5,1.44,2575.2,1.647890333,0.40957428
P3224,P3224.2,P3224.2.2,P3224.2,1,1.2,organisms,zooplankton,,Cladocera.density.system,-1,Argentina,Argentina,SouthAm,Meso,River,RiverMeso,Independent,N,Limnoperna.fortunei,Limnoperna,Mytilida,non.native,na,na,200,na,na,na,0.85,0.13,na,7.75,26.75,8.45,na,na,na,na,192,0.96,752,1.61,anova,Y,63,21.42,7.94,1.72,180,30.92,3,0.39,3224.2,-3.214568379,0.174211637
P1551,P1551.1,P1551.1.2,P1551.1,1,1.3,organisms,algae,,Algae.concentration.system,-1,Argentina,Argentina,SouthAm,Meso,ConcreteTank,ConcreteTankMeso,Independent,N,Limnoperna.fortunei,Limnoperna,Mytilida,non.native,na,na,70,na,na,0.0038,na,0.1,na,8.1,18.4,7.2,na,na,na,na,100,1.4,na,2.11,anova,Y,3,8510,2830,1633.9013,3,58950,0,0,na,20.16478646,34.31155107
P1065,P1065.3,na,P1065.3,1,1.3,organisms,algae,,Phytoplankton.abundance.system,-1,Argentina,Argentina,SouthAm,Lab,Lab,Lab,Repeated,N,Limnoperna.fortunei,Limnoperna,Mytilida,non.native,na,na,3,na,na,na,na,0.07,na,na,na,6.89,na,na,na,na,5,1.7,na,2,anova,N,3,186,261.54,151,3,24505,7641.81,4412,na,-3.598323931,1.505661259
P744,P744.2,P744.2.2,P744.2,1,1.3,organisms,algae,,Algae.density.system,-1,Uruguay,Uruguay,SouthAm,Meso,Lake,LakeMeso,Repeated,N,Limnoperna.fortunei,Limnoperna,Mytilida,non.native,780000000,na,400,1,na,na,na,na,na,na,25,na,na,na,na,na,100,0.25,na,1.84,tukey,Y,6,5865.3846,576.9231,407.9462,42,0,0,0,744.2,-37.74253092,23.44614401
P415,P415.2,P415.2.2,P415.2,1,1.3,organisms,algae,,Chl.concentration.FB,1,Argentina,Argentina,SouthAm,Lab,na,Lab,Independent,N,Diplodon.chilensis,Diplodon,Unionida,native,na,na,na,na,na,na,na,na,na,na,14,na,na,na,na,na,1,1.43,na,7.04,anova,Y,7,36.68,17.4355,6.59,5,6.087,4.3478,1.9444,na,-2.048941845,0.467062076
P415,P415.2,P415.2.1,P415.2,1,1.3,organisms,algae,,Phytoplankton.abundance.system,-1,Argentina,Argentina,SouthAm,Lab,na,Lab,Independent,N,Diplodon.chilensis,Diplodon,Unionida,native,na,na,na,na,na,na,na,0.3134,na,na,14,na,na,na,na,na,1,1.43,na,7.04,anova,Y,7,5071,1280.5436,484,5,295.6522,26.087,11.6664,na,4.443373655,1.114787357
P3720,P3720.5,P3720.1.5,P3720.1,1,1.3,organisms,algae,,Chl.concentration.system,-1,Argentina,Argentina,SouthAm,Lab,Polythene.bags,Polythene.bagsLab,Repeated,N,Limnoperna.fortunei,Limnoperna,Mytilida,non.native,na,na,70,na,na,0.00501,na,0.07,na,8.95,25.04,7,na,0.34,na,120,350,5,na,na,anova,Y,4,6,8.24,4.12,3,9.81,0.08,0.0462,na,0.502660635,0.431713437
P3720,P3720.2,P3720.1.2,P3720.2,1,1.3,organisms,algae,,Phytoplankton.abundance.system,-1,Argentina,Argentina,SouthAm,Lab,Polythene.bags,Polythene.bagsLab,Repeated,N,Limnoperna.fortunei,Limnoperna,Mytilida,non.native,na,na,70,na,na,0.00501,na,0.07,na,8.95,25.04,7,na,0.34,na,120,350,5,na,na,anova,Y,4,1.34,0.44,0.22,3,2.92,0.01,0.0058,na,-3.903196401,1.501875896
P2726,P2726.1,P2726.1.1,P2726.1,1,1.5,organisms,invasive,,Invasive.species.dispersion,-1,Brazil,Brazil,SouthAm,Field,River,RiverField,Independent,Y,Corbicula.fluminea,Corbicula,Venerida,non.native,na,na,na,0.94,na,0.51,na,0.00743,na,8.35,23.74,9.24,na,na,na,na,na,na,na,na,chi.square,Y,38,0.763,0.431,0.0699,82,0.085,0.281,0.031,na,-2.008984468,0.054838633
P1551,P1551.1,P1551.1.1,P1551.1,2,2.1,human.inputs,human.inputs,mediation.wastes,Herbicide.concentration.system,-1,Argentina,Argentina,SouthAm,Meso,ConcreteTank,ConcreteTankMeso,Independent,N,Limnoperna.fortunei,Limnoperna,Mytilida,non.native,na,na,70,na,na,0,na,0.1,na,8.1,18.4,7.2,na,na,na,na,100,1.4,na,2.11,anova,Y,3,35,1,0.5774,3,65,3,1.7321,na,10.73312629,10.02666667
P743,P743.2,P743.2.1,P743.1,2,2.1,human.inputs,human.inputs,mediation.wastes,Ammonia.concentration.system,-1,Argentina,Argentina,SouthAm,Meso,Lake,LakeMeso,Independent,N,Limnoperna.fortunei,Limnoperna,Mytilida,non.native,na,na,400,0.9,na,na,na,na,na,na,na,na,na,na,na,na,1714,4.29,na,2.45,anova,Y,4,220,19.8,14,86,25,7,1.75,743.1,-10.9851748,3.986824066
P103,P103.1,na,P103.1,2,2.1,human.inputs,human.inputs,mediation.wastes,Pb.concentration.FB,1,Brazil,Brazil,SouthAm,Lab,na,Lab,Independent,N,Hyridella.australis,Hyridella,Unionida,native,na,na,10,na,na,na,na,na,na,na,23.5,na,na,na,na,na,na,na,na,na,na,na,480,2.9,1.1619,0.3,96,16,1.7321,1,103.1,-16.20564431,2.652950088
P415,P415.4,P415.4.1,P415.1,2,2.1,human.inputs,human.inputs,mediation.wastes,Turbidity.level.system,-1,Argentina,Argentina,SouthAm,Lab,na,Lab,Independent,N,Diplodon.chilensis,Diplodon,Unionida,native,na,na,na,na,na,na,na,0.25,na,na,14,na,na,na,na,na,1,1.43,na,7.04,anova,Y,7,1.43,0.5292,0.2,3,29.446,9344.4141,5395,na,0.005416022,0.388485684
P2110,P2110.1,P2110.1.1.,P2110.2,2,2.1,human.inputs,human.inputs,mediation.wastes,Herbicide.concentration.FB,1,Brazil,Brazil,SouthAm,Lab,na,Lab,Repeated,N,Corbicula.fluminea,Corbicula,Venerida,non.native,na,na,3,na,0,na,na,na,na,7.5,21.3,5.66,3.5,na,na,na,20,66.6,na,2.4,na,na,2,27,1,0.7071,1,0,0,0,na,0,0
P2110,P2110.1,P2110.1.2.,P2110.1,2,2.1,human.inputs,human.inputs,mediation.wastes,Herbicide.concentration.system,-1,Brazil,Brazil,SouthAm,Lab,na,Lab,Repeated,N,Corbicula.fluminea,Corbicula,Venerida,non.native,na,na,3,na,0,na,na,na,na,7.6,22.2,6.27,3.5,na,na,na,20,66.6,na,2.4,na,na,2,0.03,0.004,0.0028,1,0,0,0,na,0,0
P3720,P3720.1,P3720.1.1,P3720.1,2,2.1,human.inputs,human.inputs,mediation.wastes,Herbicide.concentration.system,-1,Argentina,Argentina,SouthAm,Lab,Polythene.bags,Polythene.bagsLab,Repeated,N,Limnoperna.fortunei,Limnoperna,Mytilida,non.native,na,na,70,na,na,0.01,na,0.07,na,8.95,25.04,7,na,0.34,na,120,350,5,na,na,anova,Y,8,8.7,0.6,0.3,18,701,303,78.2343,3720.1,1.824684001,0.3014708
P1123,P1123.1,P1123.1.3,P1123.1,2,2.1,human.inputs,human.inputs,mediation.wastes,Herbicide.concentration.system,-1,Argentina,Argentina,SouthAm,Meso,River,RiverMeso,Repeated,Y,Limnoperna.fortunei,Limnoperna,Mytilida,non.native,na,na,na,na,na,na,na,na,na,na,24,na,na,na,na,na,10,5,na,2.2,anova,Y,14,9.5,1.6,0.8,14,15.5,0.4,0.2,1123.1,5.654299861,1.320333761
P3252,P3252.1,na,P3252.1,2,2.1,human.inputs,human.inputs,sediments,Amount.of.filtered.particles,1,Brazil,Brazil,SouthAm,Lab,na,Lab,Repeated,N,Anodontites.trapesialis,Anodontites,Unionida,native,na,na,4,na,na,na,na,na,na,na,na,na,na,na,na,na,1,0.25,na,13,spearman,Y,8,0.21,0.06,0.0212,8,0.021,0.0045,0.0016,na,4.199989214,0.774718243
P1065,P1065.1,na,P1065.1,3,3.2,physico.chemical.conditions,regulation.chemical,mediation.wastes,Turbidity.level.system,-1,Argentina,Argentina,SouthAm,Lab,na,Lab,Repeated,N,Limnoperna.fortunei,Limnoperna,Mytilida,non.native,na,na,3,na,na,na,na,0.07,na,na,na,6.89,na,na,na,na,5,1.7,na,2,anova,N,3,6,0,0,3,17.33,0.5716,0.33,na,22.42552787,42.33535835
P1065,P1065.2,na,P1065.2,3,3.2,physico.chemical.conditions,regulation.chemical,water.conditions,P.concentration.system,-1,Argentina,Argentina,SouthAm,Lab,na,Lab,Repeated,N,Limnoperna.fortunei,Limnoperna,Mytilida,non.native,na,na,3,na,na,na,na,0.07,na,na,na,6.89,na,na,na,na,5,1.7,na,2,anova,Y,3,0.04,0.02,0.01,3,0.027,0.0173,0.01,na,-0.55618552,0.452445194
P4401,P4401.2,P4401.2.1,P4401.1,3,3.2,physico.chemical.conditions,regulation.chemical,water.conditions,P.concentration.system,-1,Chile,Chile,SouthAm,Meso,na,Meso,Repeated,N,Diplodon.chilensis,Diplodon,Unionida,native,na,na,450,na,na,na,na,na,na,7.55,12,7.6,na,0.7,na,na,35,0.48,50,4.5,anova,Y,3,19.2,4.5033,2.6,1,93,0,0,na,9.364561227,11.39725002
P1123,P1123.1,P1123.1.6,P1123.2,3,3.2,physico.chemical.conditions,regulation.chemical,water.conditions,NO3.concentration.system,-1,Argentina,Argentina,SouthAm,Meso,River,RiverMeso,Repeated,Y,Limnoperna.fortunei,Limnoperna,Mytilida,non.native,na,na,na,na,na,na,0.33,na,na,na,24,na,na,na,na,na,20,10,na,2.2,anova,Y,16,6.9,1.1,0.55,16,0.33,0.1,0.05,1123.2,-7.082243312,1.542436353
